loc_id,lat,lon,housing_class,floor_area_m2,cost_per_m2_kes,tiv_kes,synthetic,source,location_flag,hazard_depth_m_rp10,hazard_depth_m_rp20,hazard_depth_m_rp50,hazard_depth_m_rp100,hazard_depth_m_rp200,hazard_depth_m_rp500,hazard_severity_rp10,hazard_severity_rp20,hazard_severity_rp50,hazard_severity_rp100,hazard_severity_rp200,hazard_severity_rp500
NZA-0000,0.756568,33.971985,concrete_rcc,489,56000,273840000,True,"generated for hackathon starter kit, not a real portfolio",UG,0.0,0.0,0.0,0.0,0.0,0.0,0.0,0.0,0.0,0.0,0.0,0.0
NZA-0001,0.029978,34.696104,informal_iron_sheet,8,9600,770000,True,"generated for hackathon starter kit, not a real portfolio",KE,0.0,0.0,0.0,0.0,0.0,0.0,0.0,0.0,0.0,0.0,0.0,0.0
NZA-0002,1.077706,35.100523,concrete_rcc,385,72000,277200000,True,"generated for hackathon starter kit, not a real portfolio",KE,0.0,0.0,0.0,0.0,0.0,0.0,0.0,0.0,0.0,0.0,0.0,0.0
NZA-0003,0.59297,34.205342,concrete_rcc,519,51200,265730000,True,"generated for hackathon starter kit, not a real portfolio",KE,0.0,0.0,0.0,0.0,0.0,0.0,0.0,0.0,0.0,0.0,0.0,0.0
NZA-0004,0.853177,34.864329,permanent_masonry,97,52500,50925000,True,"generated for hackathon starter kit, not a real portfolio",KE,0.0,0.0,0.0,0.0,0.0,0.0,0.0,0.0,0.0,0.0,0.0,0.0
NZA-0005,0.51001,34.488603,informal_iron_sheet,13,7700,1000000,True,"generated for hackathon starter kit, not a real portfolio",KE,0.0,0.0,0.0,0.0,0.0,0.0,0.0,0.0,0.0,0.0,0.0,0.0
NZA-0006,1.251868,35.215308,informal_iron_sheet,8,8300,665000,True,"generated for hackathon starter kit, not a real portfolio",KE,0.0,0.0,0.0,0.0,0.0,0.0,0.0,0.0,0.0,0.0,0.0,0.0
NZA-0007,0.642984,34.660285,permanent_masonry,102,40400,41210000,True,"generated for hackathon starter kit, not a real portfolio",KE,0.0,0.0,0.0,0.0,0.0,0.0,0.0,0.0,0.0,0.0,0.0,0.0
NZA-0008,1.005254,35.388426,informal_iron_sheet,23,7200,1655000,True,"generated for hackathon starter kit, not a real portfolio",KE,0.0,0.0,0.0,0.0,0.0,0.0,0.0,0.0,0.0,0.0,0.0,0.0
NZA-0009,0.997211,34.112287,semi_permanent,50,9400,4700000,True,"generated for hackathon starter kit, not a real portfolio",UG,0.0,0.0,0.0,0.0,0.0,0.0,0.0,0.0,0.0,0.0,0.0,0.0
NZA-0010,0.236424,33.885804,semi_permanent,47,9000,4230000,True,"generated for hackathon starter kit, not a real portfolio",UG,0.0,0.0,0.0,0.0,0.0,0.0,0.0,0.0,0.0,0.0,0.0,0.0
NZA-0011,-0.010214,34.287435,permanent_masonry,81,55400,44875000,True,"generated for hackathon starter kit, not a real portfolio",KE,0.0,0.0,0.0,0.0,0.0,0.0,0.0,0.0,0.0,0.0,0.0,0.0
NZA-0012,0.531805,35.024665,permanent_masonry,97,42300,41030000,True,"generated for hackathon starter kit, not a real portfolio",KE,0.0,0.0,0.0,0.0,0.0,0.0,0.0,0.0,0.0,0.0,0.0,0.0
NZA-0013,0.444915,34.617409,semi_permanent,37,13200,4885000,True,"generated for hackathon starter kit, not a real portfolio",KE,0.0,0.0,0.0,0.0,0.0,0.0,0.0,0.0,0.0,0.0,0.0,0.0
NZA-0014,0.955461,35.271234,semi_permanent,54,13900,7505000,True,"generated for hackathon starter kit, not a real portfolio",KE,0.0,0.0,0.0,0.0,0.0,0.0,0.0,0.0,0.0,0.0,0.0,0.0
NZA-0015,0.282611,35.390422,semi_permanent,25,15300,3825000,True,"generated for hackathon starter kit, not a real portfolio",KE,0.0,0.0,0.0,0.0,0.0,0.0,0.0,0.0,0.0,0.0,0.0,0.0
NZA-0016,0.527984,35.267816,semi_permanent,20,10200,2040000,True,"generated for hackathon starter kit, not a real portfolio",KE,0.0,0.0,0.0,0.0,0.0,0.0,0.0,0.0,0.0,0.0,0.0,0.0
NZA-0017,-0.117852,33.975926,permanent_masonry,137,39100,53565000,True,"generated for hackathon starter kit, not a real portfolio",LAKE,0.28,0.33,0.4,0.45,0.5,0.55,0.07,0.082,0.1,0.112,0.125,0.138
NZA-0018,0.279472,34.703121,concrete_rcc,165,56200,92730000,True,"generated for hackathon starter kit, not a real portfolio",KE,0.0,0.0,0.0,0.0,0.0,0.0,0.0,0.0,0.0,0.0,0.0,0.0
NZA-0019,0.147643,34.933593,permanent_masonry,95,61600,58520000,True,"generated for hackathon starter kit, not a real portfolio",KE,0.0,0.0,0.0,0.0,0.0,0.0,0.0,0.0,0.0,0.0,0.0,0.0
NZA-0020,0.265343,35.262243,informal_iron_sheet,16,5300,850000,True,"generated for hackathon starter kit, not a real portfolio",KE,0.0,0.0,0.0,0.0,0.0,0.0,0.0,0.0,0.0,0.0,0.0,0.0
NZA-0021,1.220344,33.948898,semi_permanent,36,10800,3890000,True,"generated for hackathon starter kit, not a real portfolio",UG,0.0,0.0,0.0,0.0,0.0,0.0,0.0,0.0,0.0,0.0,0.0,0.0
NZA-0022,1.004731,34.741446,informal_iron_sheet,11,6300,695000,True,"generated for hackathon starter kit, not a real portfolio",KE,0.0,0.0,0.0,0.0,0.0,0.0,0.0,0.0,0.0,0.0,0.0,0.0
NZA-0023,0.451159,33.791979,concrete_rcc,421,54700,230285000,True,"generated for hackathon starter kit, not a real portfolio",UG,0.0,0.0,0.0,0.0,0.0,0.0,0.0,0.0,0.0,0.0,0.0,0.0
NZA-0024,0.336526,34.963292,concrete_rcc,449,74800,335850000,True,"generated for hackathon starter kit, not a real portfolio",KE,0.0,0.0,0.0,0.0,0.0,0.0,0.0,0.0,0.0,0.0,0.0,0.0
NZA-0025,0.115454,34.674031,permanent_masonry,155,36800,57040000,True,"generated for hackathon starter kit, not a real portfolio",KE,0.0,0.0,0.0,0.0,0.0,0.0,0.0,0.0,0.0,0.0,0.0,0.0
NZA-0026,0.369143,33.915251,permanent_masonry,64,56300,36030000,True,"generated for hackathon starter kit, not a real portfolio",UG,0.0,0.0,0.0,0.0,0.0,0.0,0.0,0.0,0.0,0.0,0.0,0.0
NZA-0027,1.249494,33.893252,informal_iron_sheet,16,8200,1310000,True,"generated for hackathon starter kit, not a real portfolio",UG,0.0,0.0,0.0,0.0,0.0,0.0,0.0,0.0,0.0,0.0,0.0,0.0
NZA-0028,0.023866,34.591599,informal_iron_sheet,20,8100,1620000,True,"generated for hackathon starter kit, not a real portfolio",KE,0.0,0.0,0.0,0.0,0.0,0.0,0.0,0.0,0.0,0.0,0.0,0.0
NZA-0029,1.034526,34.539818,informal_iron_sheet,14,9200,1290000,True,"generated for hackathon starter kit, not a real portfolio",KE,0.0,0.0,0.0,0.0,0.0,0.0,0.0,0.0,0.0,0.0,0.0,0.0
NZA-0030,0.664276,34.615193,informal_iron_sheet,16,6700,1070000,True,"generated for hackathon starter kit, not a real portfolio",KE,0.0,0.0,0.0,0.0,0.0,0.0,0.0,0.0,0.0,0.0,0.0,0.0
NZA-0031,1.178456,35.361044,informal_iron_sheet,17,6100,1035000,True,"generated for hackathon starter kit, not a real portfolio",KE,0.0,0.0,0.0,0.0,0.0,0.0,0.0,0.0,0.0,0.0,0.0,0.0
NZA-0032,0.882083,35.363684,semi_permanent,34,12800,4350000,True,"generated for hackathon starter kit, not a real portfolio",KE,0.0,0.0,0.0,0.0,0.0,0.0,0.0,0.0,0.0,0.0,0.0,0.0
NZA-0033,0.024413,34.202607,informal_iron_sheet,19,5600,1065000,True,"generated for hackathon starter kit, not a real portfolio",KE,0.0,0.0,0.0,0.0,0.0,0.0,0.0,0.0,0.0,0.0,0.0,0.0
NZA-0034,1.23903,33.827218,permanent_masonry,47,62800,29515000,True,"generated for hackathon starter kit, not a real portfolio",UG,0.0,0.0,0.0,0.0,0.0,0.0,0.0,0.0,0.0,0.0,0.0,0.0
NZA-0035,1.211209,34.196232,concrete_rcc,350,68700,240450000,True,"generated for hackathon starter kit, not a real portfolio",UG,0.0,0.0,0.0,0.0,0.0,0.0,0.0,0.0,0.0,0.0,0.0,0.0
NZA-0036,-0.112918,35.082959,semi_permanent,32,10000,3200000,True,"generated for hackathon starter kit, not a real portfolio",KE,0.0,0.0,0.0,0.0,0.0,0.0,0.0,0.0,0.0,0.0,0.0,0.0
NZA-0037,0.265233,34.14853,semi_permanent,31,8400,2605000,True,"generated for hackathon starter kit, not a real portfolio",KE,0.0,0.0,0.0,0.0,0.0,0.0,0.0,0.0,0.0,0.0,0.0,0.0
NZA-0038,-0.143883,33.941858,informal_iron_sheet,14,7700,1080000,True,"generated for hackathon starter kit, not a real portfolio",LAKE,0.3,0.33,0.38,0.41,0.44,0.48,0.075,0.082,0.095,0.102,0.11,0.12
NZA-0039,0.501551,34.726637,semi_permanent,44,9300,4090000,True,"generated for hackathon starter kit, not a real portfolio",KE,0.0,0.0,0.0,0.0,0.0,0.0,0.0,0.0,0.0,0.0,0.0,0.0
NZA-0040,1.140541,34.874385,informal_iron_sheet,17,9000,1530000,True,"generated for hackathon starter kit, not a real portfolio",KE,0.0,0.0,0.0,0.0,0.0,0.0,0.0,0.0,0.0,0.0,0.0,0.0
NZA-0041,0.918409,33.99557,permanent_masonry,92,47400,43610000,True,"generated for hackathon starter kit, not a real portfolio",UG,0.0,0.0,0.0,0.0,0.0,0.0,0.0,0.0,0.0,0.0,0.0,0.0
NZA-0042,0.766295,33.798706,permanent_masonry,115,58100,66815000,True,"generated for hackathon starter kit, not a real portfolio",UG,0.0,0.0,0.0,0.0,0.0,0.0,0.0,0.0,0.0,0.0,0.0,0.0
NZA-0043,0.426875,33.978446,informal_iron_sheet,8,6700,535000,True,"generated for hackathon starter kit, not a real portfolio",UG,0.0,0.0,0.0,0.0,0.0,0.0,0.0,0.0,0.0,0.0,0.0,0.0
NZA-0044,-0.049257,34.101783,semi_permanent,30,15000,4500000,True,"generated for hackathon starter kit, not a real portfolio",KE,0.0,0.0,0.0,0.0,0.0,0.0,0.0,0.0,0.0,0.0,0.0,0.0
NZA-0045,-0.088865,34.314237,informal_iron_sheet,18,6000,1080000,True,"generated for hackathon starter kit, not a real portfolio",KE,0.0,0.0,0.0,0.0,0.0,0.0,0.0,0.0,0.0,0.0,0.0,0.0
NZA-0046,0.545365,34.656193,informal_iron_sheet,14,9900,1385000,True,"generated for hackathon starter kit, not a real portfolio",KE,0.0,0.0,0.0,0.0,0.0,0.0,0.0,0.0,0.0,0.0,0.0,0.0
NZA-0047,0.253929,35.252561,permanent_masonry,106,53000,56180000,True,"generated for hackathon starter kit, not a real portfolio",KE,0.0,0.0,0.0,0.0,0.0,0.0,0.0,0.0,0.0,0.0,0.0,0.0
NZA-0048,0.987038,34.293721,semi_permanent,64,13300,8510000,True,"generated for hackathon starter kit, not a real portfolio",UG,0.0,0.0,0.0,0.0,0.0,0.0,0.0,0.0,0.0,0.0,0.0,0.0
NZA-0049,0.89248,34.7781,semi_permanent,52,12100,6290000,True,"generated for hackathon starter kit, not a real portfolio",KE,0.0,0.0,0.0,0.0,0.0,0.0,0.0,0.0,0.0,0.0,0.0,0.0
NZA-0050,0.887903,34.82692,permanent_masonry,65,54100,35165000,True,"generated for hackathon starter kit, not a real portfolio",KE,0.0,0.0,0.0,0.0,0.0,0.0,0.0,0.0,0.0,0.0,0.0,0.0
NZA-0051,0.002433,34.180603,permanent_masonry,94,52200,49070000,True,"generated for hackathon starter kit, not a real portfolio",KE,0.0,0.0,0.0,0.0,0.0,0.0,0.0,0.0,0.0,0.0,0.0,0.0
NZA-0052,0.721631,34.642,informal_iron_sheet,19,8100,1540000,True,"generated for hackathon starter kit, not a real portfolio",KE,0.0,0.0,0.0,0.0,0.0,0.0,0.0,0.0,0.0,0.0,0.0,0.0
NZA-0053,0.753149,35.370674,informal_iron_sheet,14,8300,1160000,True,"generated for hackathon starter kit, not a real portfolio",KE,0.0,0.0,0.0,0.0,0.0,0.0,0.0,0.0,0.0,0.0,0.0,0.0
NZA-0054,0.770123,35.394553,permanent_masonry,94,58000,54520000,True,"generated for hackathon starter kit, not a real portfolio",KE,0.0,0.0,0.0,0.0,0.0,0.0,0.0,0.0,0.0,0.0,0.0,0.0
NZA-0055,0.536436,34.421914,informal_iron_sheet,22,6900,1520000,True,"generated for hackathon starter kit, not a real portfolio",KE,0.0,0.0,0.0,0.0,0.0,0.0,0.0,0.0,0.0,0.0,0.0,0.0
NZA-0056,0.62561,35.101229,semi_permanent,30,8200,2460000,True,"generated for hackathon starter kit, not a real portfolio",KE,0.0,0.0,0.0,0.0,0.0,0.0,0.0,0.0,0.0,0.0,0.0,0.0
NZA-0057,0.845981,34.268036,permanent_masonry,231,52400,121045000,True,"generated for hackathon starter kit, not a real portfolio",UG,0.0,0.0,0.0,0.0,0.0,0.0,0.0,0.0,0.0,0.0,0.0,0.0
NZA-0058,1.263461,35.065468,concrete_rcc,175,70700,123725000,True,"generated for hackathon starter kit, not a real portfolio",KE,0.0,0.0,0.0,0.0,0.0,0.0,0.0,0.0,0.0,0.0,0.0,0.0
NZA-0059,-0.258789,34.342286,permanent_masonry,85,46000,39100000,True,"generated for hackathon starter kit, not a real portfolio",KE,0.0,0.0,0.0,0.0,0.0,0.0,0.0,0.0,0.0,0.0,0.0,0.0
NZA-0060,0.093027,35.024111,informal_iron_sheet,21,8600,1805000,True,"generated for hackathon starter kit, not a real portfolio",KE,0.0,0.0,0.0,0.0,0.0,0.0,0.0,0.0,0.0,0.0,0.0,0.0
NZA-0061,0.971682,33.832945,semi_permanent,56,10700,5990000,True,"generated for hackathon starter kit, not a real portfolio",UG,0.0,0.0,0.0,0.0,0.0,0.0,0.0,0.0,0.0,0.0,0.0,0.0
NZA-0062,0.625062,34.040311,semi_permanent,34,12500,4250000,True,"generated for hackathon starter kit, not a real portfolio",UG,0.0,0.0,0.0,0.0,0.0,0.0,0.0,0.0,0.0,0.0,0.0,0.0
NZA-0063,-0.02037,34.768432,concrete_rcc,397,65400,259640000,True,"generated for hackathon starter kit, not a real portfolio",KE,0.0,0.0,0.0,0.0,0.0,0.0,0.0,0.0,0.0,0.0,0.0,0.0
NZA-0064,0.076172,34.070264,permanent_masonry,66,36600,24155000,True,"generated for hackathon starter kit, not a real portfolio",KE,0.11,0.2,0.29,0.36,0.43,0.51,0.028,0.05,0.072,0.09,0.108,0.128
NZA-0065,0.828844,34.207395,concrete_rcc,251,79100,198540000,True,"generated for hackathon starter kit, not a real portfolio",UG,0.0,0.0,0.0,0.0,0.0,0.0,0.0,0.0,0.0,0.0,0.0,0.0
NZA-0066,0.363097,34.848581,permanent_masonry,158,57000,90060000,True,"generated for hackathon starter kit, not a real portfolio",KE,0.0,0.0,0.0,0.0,0.0,0.0,0.0,0.0,0.0,0.0,0.0,0.0
NZA-0067,0.939907,34.201686,permanent_masonry,75,38900,29175000,True,"generated for hackathon starter kit, not a real portfolio",UG,0.0,0.0,0.0,0.0,0.0,0.0,0.0,0.0,0.0,0.0,0.0,0.0
NZA-0068,1.227044,34.241811,permanent_masonry,61,52800,32210000,True,"generated for hackathon starter kit, not a real portfolio",UG,0.0,0.0,0.0,0.0,0.0,0.0,0.0,0.0,0.0,0.0,0.0,0.0
NZA-0069,0.317002,35.094154,concrete_rcc,241,58600,141225000,True,"generated for hackathon starter kit, not a real portfolio",KE,0.0,0.0,0.0,0.0,0.0,0.0,0.0,0.0,0.0,0.0,0.0,0.0
NZA-0070,1.025978,33.900142,informal_iron_sheet,13,6600,860000,True,"generated for hackathon starter kit, not a real portfolio",UG,0.0,0.0,0.0,0.0,0.0,0.0,0.0,0.0,0.0,0.0,0.0,0.0
NZA-0071,0.423824,33.766319,informal_iron_sheet,19,5700,1085000,True,"generated for hackathon starter kit, not a real portfolio",UG,0.0,0.0,0.0,0.0,0.0,0.0,0.0,0.0,0.0,0.0,0.0,0.0
NZA-0072,0.937466,35.111781,permanent_masonry,80,63100,50480000,True,"generated for hackathon starter kit, not a real portfolio",KE,0.0,0.0,0.0,0.0,0.0,0.0,0.0,0.0,0.0,0.0,0.0,0.0
NZA-0073,0.328458,35.232416,informal_iron_sheet,21,7000,1470000,True,"generated for hackathon starter kit, not a real portfolio",KE,0.0,0.0,0.0,0.0,0.0,0.0,0.0,0.0,0.0,0.0,0.0,0.0
NZA-0074,-0.090471,34.850549,informal_iron_sheet,17,8200,1395000,True,"generated for hackathon starter kit, not a real portfolio",KE,0.0,0.0,0.0,0.0,0.0,0.0,0.0,0.0,0.0,0.0,0.0,0.0
NZA-0075,0.198354,34.765535,informal_iron_sheet,10,8200,820000,True,"generated for hackathon starter kit, not a real portfolio",KE,0.0,0.0,0.0,0.0,0.0,0.0,0.0,0.0,0.0,0.0,0.0,0.0
NZA-0076,0.739884,35.214994,permanent_masonry,107,53800,57565000,True,"generated for hackathon starter kit, not a real portfolio",KE,0.0,0.0,0.0,0.0,0.0,0.0,0.0,0.0,0.0,0.0,0.0,0.0
NZA-0077,1.228589,34.60225,concrete_rcc,221,79500,175695000,True,"generated for hackathon starter kit, not a real portfolio",UG,0.0,0.0,0.0,0.0,0.0,0.0,0.0,0.0,0.0,0.0,0.0,0.0
NZA-0078,0.217614,33.894971,permanent_masonry,60,48100,28860000,True,"generated for hackathon starter kit, not a real portfolio",UG,0.0,0.0,0.0,0.0,0.0,0.0,0.0,0.0,0.0,0.0,0.0,0.0
NZA-0079,0.524414,34.338563,informal_iron_sheet,13,5900,765000,True,"generated for hackathon starter kit, not a real portfolio",KE,0.0,0.0,0.0,0.0,0.0,0.0,0.0,0.0,0.0,0.0,0.0,0.0
NZA-0080,1.176979,34.44922,permanent_masonry,122,40000,48800000,True,"generated for hackathon starter kit, not a real portfolio",UG,0.0,0.0,0.0,0.0,0.0,0.0,0.0,0.0,0.0,0.0,0.0,0.0
NZA-0081,0.828157,35.14608,semi_permanent,72,13100,9430000,True,"generated for hackathon starter kit, not a real portfolio",KE,0.0,0.0,0.0,0.0,0.0,0.0,0.0,0.0,0.0,0.0,0.0,0.0
NZA-0082,0.12854,34.738688,semi_permanent,54,12000,6480000,True,"generated for hackathon starter kit, not a real portfolio",KE,0.0,0.0,0.0,0.0,0.0,0.0,0.0,0.0,0.0,0.0,0.0,0.0
NZA-0083,0.685219,33.810696,semi_permanent,32,10500,3360000,True,"generated for hackathon starter kit, not a real portfolio",UG,0.0,0.0,0.0,0.0,0.0,0.0,0.0,0.0,0.0,0.0,0.0,0.0
NZA-0084,0.333454,34.820253,semi_permanent,26,13800,3590000,True,"generated for hackathon starter kit, not a real portfolio",KE,0.0,0.0,0.0,0.0,0.0,0.0,0.0,0.0,0.0,0.0,0.0,0.0
NZA-0085,-0.170039,35.130264,concrete_rcc,516,50800,262130000,True,"generated for hackathon starter kit, not a real portfolio",KE,0.0,0.0,0.0,0.0,0.0,0.0,0.0,0.0,0.0,0.0,0.0,0.0
NZA-0086,0.410034,33.841346,informal_iron_sheet,17,5200,885000,True,"generated for hackathon starter kit, not a real portfolio",UG,0.0,0.0,0.0,0.0,0.0,0.0,0.0,0.0,0.0,0.0,0.0,0.0
NZA-0087,1.270221,35.260435,permanent_masonry,88,49100,43210000,True,"generated for hackathon starter kit, not a real portfolio",KE,0.0,0.0,0.0,0.0,0.0,0.0,0.0,0.0,0.0,0.0,0.0,0.0
NZA-0088,0.765436,33.808763,informal_iron_sheet,18,5400,970000,True,"generated for hackathon starter kit, not a real portfolio",UG,0.0,0.0,0.0,0.0,0.0,0.0,0.0,0.0,0.0,0.0,0.0,0.0
NZA-0089,0.701375,34.877199,informal_iron_sheet,11,7600,835000,True,"generated for hackathon starter kit, not a real portfolio",KE,0.0,0.0,0.0,0.0,0.0,0.0,0.0,0.0,0.0,0.0,0.0,0.0
NZA-0090,0.648595,34.32347,concrete_rcc,363,56200,204005000,True,"generated for hackathon starter kit, not a real portfolio",KE,0.0,0.0,0.0,0.0,0.0,0.0,0.0,0.0,0.0,0.0,0.0,0.0
NZA-0091,1.116301,34.555812,semi_permanent,23,11900,2735000,True,"generated for hackathon starter kit, not a real portfolio",UG,0.0,0.0,0.0,0.0,0.0,0.0,0.0,0.0,0.0,0.0,0.0,0.0
NZA-0092,0.367428,33.998338,semi_permanent,58,8100,4700000,True,"generated for hackathon starter kit, not a real portfolio",UG,0.0,0.0,0.0,0.0,0.0,0.0,0.0,0.0,0.0,0.0,0.0,0.0
NZA-0093,-0.233324,33.994118,permanent_masonry,81,53900,43660000,True,"generated for hackathon starter kit, not a real portfolio",LAKE,0.48,0.53,0.59,0.63,0.66,0.71,0.12,0.132,0.148,0.158,0.165,0.178
NZA-0094,0.30929,34.182535,semi_permanent,41,8900,3650000,True,"generated for hackathon starter kit, not a real portfolio",KE,0.0,0.0,0.0,0.0,0.0,0.0,0.0,0.0,0.0,0.0,0.0,0.0
NZA-0095,-0.274253,35.056461,permanent_masonry,76,58000,44080000,True,"generated for hackathon starter kit, not a real portfolio",KE,0.0,0.0,0.0,0.0,0.0,0.0,0.0,0.0,0.0,0.0,0.0,0.0
NZA-0096,0.55448,35.121635,semi_permanent,31,12600,3905000,True,"generated for hackathon starter kit, not a real portfolio",KE,0.0,0.0,0.0,0.0,0.0,0.0,0.0,0.0,0.0,0.0,0.0,0.0
NZA-0097,1.13978,35.045193,semi_permanent,36,9800,3530000,True,"generated for hackathon starter kit, not a real portfolio",KE,0.0,0.0,0.0,0.0,0.0,0.0,0.0,0.0,0.0,0.0,0.0,0.0
NZA-0098,0.287208,34.272346,semi_permanent,34,9300,3160000,True,"generated for hackathon starter kit, not a real portfolio",KE,0.0,0.0,0.0,0.0,0.0,0.0,0.0,0.0,0.0,0.0,0.0,0.0
NZA-0099,0.466166,34.278975,semi_permanent,36,13600,4895000,True,"generated for hackathon starter kit, not a real portfolio",KE,0.0,0.0,0.0,0.0,0.0,0.0,0.0,0.0,0.0,0.0,0.0,0.0
NZA-0100,1.005207,34.458564,semi_permanent,20,10600,2120000,True,"generated for hackathon starter kit, not a real portfolio",UG,0.0,0.0,0.0,0.0,0.0,0.0,0.0,0.0,0.0,0.0,0.0,0.0
NZA-0101,0.937372,33.9658,permanent_masonry,47,50700,23830000,True,"generated for hackathon starter kit, not a real portfolio",UG,0.0,0.0,0.0,0.0,0.0,0.0,0.0,0.0,0.0,0.0,0.0,0.0
NZA-0102,0.108665,34.357779,informal_iron_sheet,13,7200,935000,True,"generated for hackathon starter kit, not a real portfolio",KE,0.0,0.0,0.0,0.0,0.0,0.0,0.0,0.0,0.0,0.0,0.0,0.0
NZA-0103,1.268372,34.631029,concrete_rcc,270,53000,143100000,True,"generated for hackathon starter kit, not a real portfolio",UG,0.0,0.0,0.0,0.0,0.0,0.0,0.0,0.0,0.0,0.0,0.0,0.0
NZA-0104,0.841549,34.199113,semi_permanent,34,10700,3640000,True,"generated for hackathon starter kit, not a real portfolio",UG,0.0,0.0,0.0,0.0,0.0,0.0,0.0,0.0,0.0,0.0,0.0,0.0
NZA-0105,-0.085248,33.982683,permanent_masonry,75,42600,31950000,True,"generated for hackathon starter kit, not a real portfolio",LAKE,0.36,0.41,0.47,0.51,0.55,0.61,0.09,0.102,0.118,0.128,0.138,0.152
NZA-0106,-0.032723,33.849705,informal_iron_sheet,27,9200,2485000,True,"generated for hackathon starter kit, not a real portfolio",LAKE,0.46,0.5,0.56,0.6,0.64,0.68,0.115,0.125,0.14,0.15,0.16,0.17
NZA-0107,0.025416,34.471492,informal_iron_sheet,13,6700,870000,True,"generated for hackathon starter kit, not a real portfolio",KE,0.0,0.0,0.0,0.0,0.0,0.0,0.0,0.0,0.0,0.0,0.0,0.0
NZA-0108,1.232718,34.600323,semi_permanent,45,8600,3870000,True,"generated for hackathon starter kit, not a real portfolio",UG,0.0,0.0,0.0,0.0,0.0,0.0,0.0,0.0,0.0,0.0,0.0,0.0
NZA-0109,0.915031,34.220677,semi_permanent,23,13800,3175000,True,"generated for hackathon starter kit, not a real portfolio",UG,0.0,0.0,0.0,0.0,0.0,0.0,0.0,0.0,0.0,0.0,0.0,0.0
NZA-0110,1.251304,33.71429,informal_iron_sheet,15,5100,765000,True,"generated for hackathon starter kit, not a real portfolio",UG,0.0,0.0,0.0,0.0,0.0,0.0,0.0,0.0,0.0,0.0,0.0,0.0
NZA-0111,1.054713,34.501981,informal_iron_sheet,12,5400,650000,True,"generated for hackathon starter kit, not a real portfolio",KE,0.0,0.0,0.0,0.0,0.0,0.0,0.0,0.0,0.0,0.0,0.0,0.0
NZA-0112,0.534791,35.321616,informal_iron_sheet,13,9300,1210000,True,"generated for hackathon starter kit, not a real portfolio",KE,0.0,0.0,0.0,0.0,0.0,0.0,0.0,0.0,0.0,0.0,0.0,0.0
NZA-0113,1.073646,34.684736,permanent_masonry,218,51700,112705000,True,"generated for hackathon starter kit, not a real portfolio",KE,0.0,0.0,0.0,0.0,0.0,0.0,0.0,0.0,0.0,0.0,0.0,0.0
NZA-0114,0.148965,34.514328,semi_permanent,30,12800,3840000,True,"generated for hackathon starter kit, not a real portfolio",KE,0.0,0.0,0.0,0.0,0.0,0.0,0.0,0.0,0.0,0.0,0.0,0.0
NZA-0115,0.740535,34.471813,permanent_masonry,80,42900,34320000,True,"generated for hackathon starter kit, not a real portfolio",KE,0.0,0.0,0.0,0.0,0.0,0.0,0.0,0.0,0.0,0.0,0.0,0.0
NZA-0116,0.780175,34.262123,semi_permanent,37,15900,5885000,True,"generated for hackathon starter kit, not a real portfolio",UG,0.0,0.0,0.0,0.0,0.0,0.0,0.0,0.0,0.0,0.0,0.0,0.0
NZA-0117,0.95021,34.707419,concrete_rcc,860,51800,445480000,True,"generated for hackathon starter kit, not a real portfolio",KE,0.0,0.0,0.0,0.0,0.0,0.0,0.0,0.0,0.0,0.0,0.0,0.0
NZA-0118,1.064374,34.026167,semi_permanent,27,13600,3670000,True,"generated for hackathon starter kit, not a real portfolio",UG,0.0,0.0,0.0,0.0,0.0,0.0,0.0,0.0,0.0,0.0,0.0,0.0
NZA-0119,1.166562,35.217196,informal_iron_sheet,28,9800,2745000,True,"generated for hackathon starter kit, not a real portfolio",KE,0.0,0.0,0.0,0.0,0.0,0.0,0.0,0.0,0.0,0.0,0.0,0.0
NZA-0120,-0.116746,34.471442,concrete_rcc,214,52800,112990000,True,"generated for hackathon starter kit, not a real portfolio",KE,0.0,0.0,0.0,0.0,0.0,0.0,0.0,0.0,0.0,0.0,0.0,0.0
NZA-0121,-0.273176,34.832228,informal_iron_sheet,15,8900,1335000,True,"generated for hackathon starter kit, not a real portfolio",LAKE,0.78,0.9,1.03,1.12,1.2,1.29,0.195,0.225,0.258,0.28,0.3,0.322
NZA-0122,0.393685,33.808057,permanent_masonry,83,39400,32700000,True,"generated for hackathon starter kit, not a real portfolio",UG,0.0,0.0,0.0,0.0,0.0,0.0,0.0,0.0,0.0,0.0,0.0,0.0
NZA-0123,0.905739,34.322729,semi_permanent,46,14700,6760000,True,"generated for hackathon starter kit, not a real portfolio",UG,0.0,0.0,0.0,0.0,0.0,0.0,0.0,0.0,0.0,0.0,0.0,0.0
NZA-0124,0.280358,33.956709,semi_permanent,46,14900,6855000,True,"generated for hackathon starter kit, not a real portfolio",UG,0.0,0.0,0.0,0.0,0.0,0.0,0.0,0.0,0.0,0.0,0.0,0.0
NZA-0125,1.258103,34.015952,informal_iron_sheet,8,7900,630000,True,"generated for hackathon starter kit, not a real portfolio",UG,0.0,0.0,0.0,0.0,0.0,0.0,0.0,0.0,0.0,0.0,0.0,0.0
NZA-0126,1.233615,34.788823,permanent_masonry,184,58300,107270000,True,"generated for hackathon starter kit, not a real portfolio",UG,0.0,0.0,0.0,0.0,0.0,0.0,0.0,0.0,0.0,0.0,0.0,0.0
NZA-0127,0.657424,34.819639,permanent_masonry,92,64900,59710000,True,"generated for hackathon starter kit, not a real portfolio",KE,0.0,0.0,0.0,0.0,0.0,0.0,0.0,0.0,0.0,0.0,0.0,0.0
NZA-0128,1.090665,34.7761,permanent_masonry,138,55300,76315000,True,"generated for hackathon starter kit, not a real portfolio",KE,0.0,0.0,0.0,0.0,0.0,0.0,0.0,0.0,0.0,0.0,0.0,0.0
NZA-0129,0.845693,34.25638,informal_iron_sheet,9,9100,820000,True,"generated for hackathon starter kit, not a real portfolio",UG,0.0,0.0,0.0,0.0,0.0,0.0,0.0,0.0,0.0,0.0,0.0,0.0
NZA-0130,0.184154,35.153252,permanent_masonry,45,43100,19395000,True,"generated for hackathon starter kit, not a real portfolio",KE,0.0,0.0,0.0,0.0,0.0,0.0,0.0,0.0,0.0,0.0,0.0,0.0
NZA-0131,0.978099,35.02468,concrete_rcc,260,53800,139880000,True,"generated for hackathon starter kit, not a real portfolio",KE,0.0,0.0,0.0,0.0,0.0,0.0,0.0,0.0,0.0,0.0,0.0,0.0
NZA-0132,0.858911,34.714492,informal_iron_sheet,8,6400,510000,True,"generated for hackathon starter kit, not a real portfolio",KE,0.0,0.0,0.0,0.0,0.0,0.0,0.0,0.0,0.0,0.0,0.0,0.0
NZA-0133,1.033917,34.337831,concrete_rcc,180,68300,122940000,True,"generated for hackathon starter kit, not a real portfolio",UG,0.0,0.0,0.0,0.0,0.0,0.0,0.0,0.0,0.0,0.0,0.0,0.0
NZA-0134,-0.164067,34.954761,informal_iron_sheet,12,8900,1070000,True,"generated for hackathon starter kit, not a real portfolio",KE,0.0,0.0,0.0,0.0,0.0,0.0,0.0,0.0,0.0,0.0,0.0,0.0
NZA-0135,0.153592,34.152529,semi_permanent,44,14800,6510000,True,"generated for hackathon starter kit, not a real portfolio",KE,0.0,0.0,0.0,0.0,0.0,0.0,0.0,0.0,0.0,0.0,0.0,0.0
NZA-0136,0.492036,34.098308,semi_permanent,39,13000,5070000,True,"generated for hackathon starter kit, not a real portfolio",UG,0.0,0.0,0.0,0.0,0.0,0.0,0.0,0.0,0.0,0.0,0.0,0.0
NZA-0137,0.917142,33.749836,permanent_masonry,105,62400,65520000,True,"generated for hackathon starter kit, not a real portfolio",UG,0.0,0.0,0.0,0.0,0.0,0.0,0.0,0.0,0.0,0.0,0.0,0.0
NZA-0138,1.224768,34.962286,permanent_masonry,102,55500,56610000,True,"generated for hackathon starter kit, not a real portfolio",KE,0.0,0.0,0.0,0.0,0.0,0.0,0.0,0.0,0.0,0.0,0.0,0.0
NZA-0139,-0.266738,33.973491,informal_iron_sheet,16,8200,1310000,True,"generated for hackathon starter kit, not a real portfolio",LAKE,0.8,0.87,0.95,1.01,1.06,1.13,0.2,0.218,0.238,0.252,0.265,0.282
NZA-0140,-0.016867,34.265159,informal_iron_sheet,9,9500,855000,True,"generated for hackathon starter kit, not a real portfolio",KE,0.0,0.0,0.0,0.0,0.0,0.0,0.0,0.0,0.0,0.0,0.0,0.0
NZA-0141,0.486875,34.517157,informal_iron_sheet,20,5800,1160000,True,"generated for hackathon starter kit, not a real portfolio",KE,0.0,0.0,0.0,0.0,0.0,0.0,0.0,0.0,0.0,0.0,0.0,0.0
NZA-0142,0.284666,34.510305,informal_iron_sheet,21,9200,1930000,True,"generated for hackathon starter kit, not a real portfolio",KE,0.0,0.0,0.0,0.0,0.0,0.0,0.0,0.0,0.0,0.0,0.0,0.0
NZA-0143,0.174623,35.060375,informal_iron_sheet,23,6800,1565000,True,"generated for hackathon starter kit, not a real portfolio",KE,0.0,0.0,0.0,0.0,0.0,0.0,0.0,0.0,0.0,0.0,0.0,0.0
NZA-0144,0.425533,33.925462,semi_permanent,49,9700,4755000,True,"generated for hackathon starter kit, not a real portfolio",UG,0.0,0.0,0.0,0.0,0.0,0.0,0.0,0.0,0.0,0.0,0.0,0.0
NZA-0145,0.538147,34.75978,informal_iron_sheet,17,5000,850000,True,"generated for hackathon starter kit, not a real portfolio",KE,0.0,0.0,0.0,0.0,0.0,0.0,0.0,0.0,0.0,0.0,0.0,0.0
NZA-0146,0.985414,34.587465,semi_permanent,33,12100,3995000,True,"generated for hackathon starter kit, not a real portfolio",KE,0.0,0.0,0.0,0.0,0.0,0.0,0.0,0.0,0.0,0.0,0.0,0.0
NZA-0147,0.900762,34.081402,permanent_masonry,86,47100,40505000,True,"generated for hackathon starter kit, not a real portfolio",UG,0.0,0.0,0.0,0.0,0.0,0.0,0.0,0.0,0.0,0.0,0.0,0.0
NZA-0148,0.478766,34.228147,semi_permanent,40,8900,3560000,True,"generated for hackathon starter kit, not a real portfolio",KE,0.0,0.0,0.0,0.0,0.0,0.0,0.0,0.0,0.0,0.0,0.0,0.0
NZA-0149,0.209102,34.367164,semi_permanent,58,14000,8120000,True,"generated for hackathon starter kit, not a real portfolio",KE,0.0,0.0,0.0,0.0,0.0,0.0,0.0,0.0,0.0,0.0,0.0,0.0
NZA-0150,0.475855,33.904578,semi_permanent,27,11000,2970000,True,"generated for hackathon starter kit, not a real portfolio",UG,0.0,0.0,0.0,0.0,0.0,0.0,0.0,0.0,0.0,0.0,0.0,0.0
NZA-0151,0.811132,33.785321,permanent_masonry,93,61200,56915000,True,"generated for hackathon starter kit, not a real portfolio",UG,3.02,3.23,3.42,3.56,3.72,3.93,0.755,0.808,0.855,0.89,0.93,0.982
NZA-0152,1.091808,33.963898,informal_iron_sheet,11,6200,680000,True,"generated for hackathon starter kit, not a real portfolio",UG,0.0,0.0,0.0,0.0,0.0,0.0,0.0,0.0,0.0,0.0,0.0,0.0
NZA-0153,0.22262,34.382704,informal_iron_sheet,24,7000,1680000,True,"generated for hackathon starter kit, not a real portfolio",KE,0.0,0.0,0.0,0.0,0.0,0.0,0.0,0.0,0.0,0.0,0.0,0.0
NZA-0154,0.108316,35.154712,informal_iron_sheet,10,8700,870000,True,"generated for hackathon starter kit, not a real portfolio",KE,0.0,0.0,0.0,0.0,0.0,0.0,0.0,0.0,0.0,0.0,0.0,0.0
NZA-0155,-0.146898,34.202851,semi_permanent,42,14600,6130000,True,"generated for hackathon starter kit, not a real portfolio",KE,0.0,0.0,0.0,0.0,0.0,0.0,0.0,0.0,0.0,0.0,0.0,0.0
NZA-0156,-0.178586,35.094475,permanent_masonry,108,58100,62750000,True,"generated for hackathon starter kit, not a real portfolio",KE,0.0,0.0,0.0,0.0,0.0,0.0,0.0,0.0,0.0,0.0,0.0,0.0
NZA-0157,0.549955,35.195553,informal_iron_sheet,14,5200,730000,True,"generated for hackathon starter kit, not a real portfolio",KE,0.0,0.0,0.0,0.0,0.0,0.0,0.0,0.0,0.0,0.0,0.0,0.0
NZA-0158,0.032916,34.083035,permanent_masonry,109,52900,57660000,True,"generated for hackathon starter kit, not a real portfolio",KE,0.0,0.0,0.0,0.0,0.0,0.0,0.0,0.0,0.0,0.0,0.0,0.0
NZA-0159,1.255492,35.098112,concrete_rcc,185,71300,131905000,True,"generated for hackathon starter kit, not a real portfolio",KE,0.0,0.0,0.0,0.0,0.0,0.0,0.0,0.0,0.0,0.0,0.0,0.0
NZA-0160,0.512475,34.494717,semi_permanent,40,9200,3680000,True,"generated for hackathon starter kit, not a real portfolio",KE,0.0,0.0,0.0,0.0,0.0,0.0,0.0,0.0,0.0,0.0,0.0,0.0
NZA-0161,0.887231,34.583379,permanent_masonry,123,37500,46125000,True,"generated for hackathon starter kit, not a real portfolio",KE,0.0,0.0,0.0,0.0,0.0,0.0,0.0,0.0,0.0,0.0,0.0,0.0
NZA-0162,1.042057,35.022524,semi_permanent,31,14500,4495000,True,"generated for hackathon starter kit, not a real portfolio",KE,0.0,0.0,0.0,0.0,0.0,0.0,0.0,0.0,0.0,0.0,0.0,0.0
NZA-0163,-0.135662,34.531432,semi_permanent,32,13100,4190000,True,"generated for hackathon starter kit, not a real portfolio",KE,0.0,0.0,0.0,0.0,0.0,0.0,0.0,0.0,0.0,0.0,0.0,0.0
NZA-0164,0.377008,34.788419,semi_permanent,30,12700,3810000,True,"generated for hackathon starter kit, not a real portfolio",KE,0.0,0.0,0.0,0.0,0.0,0.0,0.0,0.0,0.0,0.0,0.0,0.0
NZA-0165,1.295562,33.94838,informal_iron_sheet,8,8800,705000,True,"generated for hackathon starter kit, not a real portfolio",UG,0.0,0.0,0.0,0.0,0.0,0.0,0.0,0.0,0.0,0.0,0.0,0.0
NZA-0166,-0.004246,33.806293,permanent_masonry,81,59600,48275000,True,"generated for hackathon starter kit, not a real portfolio",LAKE,0.55,0.6,0.66,0.7,0.74,0.78,0.138,0.15,0.165,0.175,0.185,0.195
NZA-0167,-0.174577,35.134691,informal_iron_sheet,20,9300,1860000,True,"generated for hackathon starter kit, not a real portfolio",KE,0.0,0.0,0.0,0.0,0.0,0.0,0.0,0.0,0.0,0.0,0.0,0.0
NZA-0168,0.084656,34.599648,informal_iron_sheet,13,5700,740000,True,"generated for hackathon starter kit, not a real portfolio",KE,0.0,0.0,0.0,0.0,0.0,0.0,0.0,0.0,0.0,0.0,0.0,0.0
NZA-0169,0.330014,33.785135,informal_iron_sheet,19,5700,1085000,True,"generated for hackathon starter kit, not a real portfolio",UG,0.0,0.0,0.0,0.0,0.0,0.0,0.0,0.0,0.0,0.0,0.0,0.0
NZA-0170,1.164046,34.99134,permanent_masonry,128,53500,68480000,True,"generated for hackathon starter kit, not a real portfolio",KE,0.0,0.0,0.0,0.0,0.0,0.0,0.0,0.0,0.0,0.0,0.0,0.0
NZA-0171,1.193402,34.990573,semi_permanent,23,15100,3475000,True,"generated for hackathon starter kit, not a real portfolio",KE,0.0,0.0,0.0,0.0,0.0,0.0,0.0,0.0,0.0,0.0,0.0,0.0
NZA-0172,0.347723,34.131278,semi_permanent,44,12700,5590000,True,"generated for hackathon starter kit, not a real portfolio",KE,0.0,0.0,0.0,0.0,0.0,0.0,0.0,0.0,0.0,0.0,0.0,0.0
NZA-0173,0.629879,34.896,semi_permanent,50,14700,7350000,True,"generated for hackathon starter kit, not a real portfolio",KE,0.0,0.0,0.0,0.0,0.0,0.0,0.0,0.0,0.0,0.0,0.0,0.0
NZA-0174,0.330706,35.332061,semi_permanent,32,12100,3870000,True,"generated for hackathon starter kit, not a real portfolio",KE,0.0,0.0,0.0,0.0,0.0,0.0,0.0,0.0,0.0,0.0,0.0,0.0
NZA-0175,0.98325,34.695033,semi_permanent,43,14800,6365000,True,"generated for hackathon starter kit, not a real portfolio",KE,0.0,0.0,0.0,0.0,0.0,0.0,0.0,0.0,0.0,0.0,0.0,0.0
NZA-0176,0.574189,35.188998,informal_iron_sheet,20,9500,1900000,True,"generated for hackathon starter kit, not a real portfolio",KE,0.0,0.0,0.0,0.0,0.0,0.0,0.0,0.0,0.0,0.0,0.0,0.0
NZA-0177,0.506191,33.885311,semi_permanent,48,11900,5710000,True,"generated for hackathon starter kit, not a real portfolio",UG,0.0,0.0,0.0,0.0,0.0,0.0,0.0,0.0,0.0,0.0,0.0,0.0
NZA-0178,0.976733,33.853665,semi_permanent,31,8100,2510000,True,"generated for hackathon starter kit, not a real portfolio",UG,0.0,0.0,0.0,0.0,0.0,0.0,0.0,0.0,0.0,0.0,0.0,0.0
NZA-0179,0.613792,34.321792,permanent_masonry,101,64600,65245000,True,"generated for hackathon starter kit, not a real portfolio",KE,0.0,0.0,0.0,0.0,0.0,0.0,0.0,0.0,0.0,0.0,0.0,0.0
NZA-0180,0.718625,33.923511,permanent_masonry,55,48500,26675000,True,"generated for hackathon starter kit, not a real portfolio",UG,0.0,0.0,0.0,0.0,0.0,0.0,0.0,0.0,0.0,0.0,0.0,0.0
NZA-0181,0.153304,35.389068,informal_iron_sheet,11,5200,570000,True,"generated for hackathon starter kit, not a real portfolio",KE,0.0,0.0,0.0,0.0,0.0,0.0,0.0,0.0,0.0,0.0,0.0,0.0
NZA-0182,0.227874,33.987182,permanent_masonry,111,41200,45730000,True,"generated for hackathon starter kit, not a real portfolio",LAKE,0.0,0.01,0.03,0.05,0.07,0.14,0.0,0.002,0.008,0.012,0.018,0.035
NZA-0183,0.765659,34.543054,informal_iron_sheet,13,8900,1155000,True,"generated for hackathon starter kit, not a real portfolio",KE,0.0,0.0,0.0,0.0,0.0,0.0,0.0,0.0,0.0,0.0,0.0,0.0
NZA-0184,-0.160013,33.827759,semi_permanent,52,14400,7490000,True,"generated for hackathon starter kit, not a real portfolio",LAKE,0.37,0.41,0.46,0.5,0.53,0.57,0.092,0.102,0.115,0.125,0.132,0.142
NZA-0185,1.059973,33.772395,permanent_masonry,124,39300,48730000,True,"generated for hackathon starter kit, not a real portfolio",UG,0.0,0.0,0.0,0.0,0.0,0.0,0.0,0.0,0.0,0.0,0.0,0.0
NZA-0186,0.682634,34.983255,informal_iron_sheet,11,5800,640000,True,"generated for hackathon starter kit, not a real portfolio",KE,0.0,0.0,0.0,0.0,0.0,0.0,0.0,0.0,0.0,0.0,0.0,0.0
NZA-0187,0.113213,34.833715,semi_permanent,26,12100,3145000,True,"generated for hackathon starter kit, not a real portfolio",KE,0.0,0.0,0.0,0.0,0.0,0.0,0.0,0.0,0.0,0.0,0.0,0.0
NZA-0188,0.978559,34.363694,informal_iron_sheet,14,8300,1160000,True,"generated for hackathon starter kit, not a real portfolio",UG,0.0,0.0,0.0,0.0,0.0,0.0,0.0,0.0,0.0,0.0,0.0,0.0
NZA-0189,0.350124,35.109995,semi_permanent,29,9800,2840000,True,"generated for hackathon starter kit, not a real portfolio",KE,0.0,0.0,0.0,0.0,0.0,0.0,0.0,0.0,0.0,0.0,0.0,0.0
NZA-0190,0.066907,34.937693,permanent_masonry,185,49300,91205000,True,"generated for hackathon starter kit, not a real portfolio",KE,0.0,0.0,0.0,0.0,0.0,0.0,0.0,0.0,0.0,0.0,0.0,0.0
NZA-0191,0.900958,34.589677,permanent_masonry,110,36000,39600000,True,"generated for hackathon starter kit, not a real portfolio",KE,0.0,0.0,0.0,0.0,0.0,0.0,0.0,0.0,0.0,0.0,0.0,0.0
NZA-0192,1.038165,35.008153,permanent_masonry,81,57300,46415000,True,"generated for hackathon starter kit, not a real portfolio",KE,0.0,0.0,0.0,0.0,0.0,0.0,0.0,0.0,0.0,0.0,0.0,0.0
NZA-0193,-0.070194,34.756022,concrete_rcc,443,75200,333135000,True,"generated for hackathon starter kit, not a real portfolio",KE,0.0,0.0,0.0,0.0,0.0,0.0,0.0,0.0,0.0,0.0,0.0,0.0
NZA-0194,-0.078109,33.841378,permanent_masonry,290,40000,116000000,True,"generated for hackathon starter kit, not a real portfolio",LAKE,0.34,0.38,0.43,0.47,0.5,0.55,0.085,0.095,0.108,0.118,0.125,0.138
NZA-0195,0.913456,34.12594,semi_permanent,65,9200,5980000,True,"generated for hackathon starter kit, not a real portfolio",UG,0.0,0.0,0.0,0.0,0.0,0.0,0.0,0.0,0.0,0.0,0.0,0.0
NZA-0196,1.210137,34.610609,informal_iron_sheet,16,7100,1135000,True,"generated for hackathon starter kit, not a real portfolio",UG,0.0,0.0,0.0,0.0,0.0,0.0,0.0,0.0,0.0,0.0,0.0,0.0
NZA-0197,0.961132,34.216405,semi_permanent,73,11100,8105000,True,"generated for hackathon starter kit, not a real portfolio",UG,0.0,0.0,0.0,0.0,0.0,0.0,0.0,0.0,0.0,0.0,0.0,0.0
NZA-0198,0.792632,34.650565,semi_permanent,39,9800,3820000,True,"generated for hackathon starter kit, not a real portfolio",KE,0.0,0.0,0.0,0.0,0.0,0.0,0.0,0.0,0.0,0.0,0.0,0.0
NZA-0199,-0.072626,34.828982,permanent_masonry,136,53500,72760000,True,"generated for hackathon starter kit, not a real portfolio",KE,0.0,0.0,0.0,0.0,0.0,0.0,0.0,0.0,0.0,0.0,0.0,0.0
NZA-0200,-0.00027,34.220095,informal_iron_sheet,10,9200,920000,True,"generated for hackathon starter kit, not a real portfolio",KE,0.0,0.0,0.0,0.0,0.0,0.0,0.0,0.0,0.0,0.0,0.0,0.0
NZA-0201,0.002237,34.709034,permanent_masonry,45,44800,20160000,True,"generated for hackathon starter kit, not a real portfolio",KE,0.0,0.0,0.0,0.0,0.0,0.0,0.0,0.0,0.0,0.0,0.0,0.0
NZA-0202,1.055605,34.184847,informal_iron_sheet,14,6300,880000,True,"generated for hackathon starter kit, not a real portfolio",UG,0.0,0.0,0.0,0.0,0.0,0.0,0.0,0.0,0.0,0.0,0.0,0.0
NZA-0203,1.28914,34.853038,permanent_masonry,126,52500,66150000,True,"generated for hackathon starter kit, not a real portfolio",KE,0.0,0.0,0.0,0.0,0.0,0.0,0.0,0.0,0.0,0.0,0.0,0.0
NZA-0204,-0.055852,33.719756,informal_iron_sheet,14,9200,1290000,True,"generated for hackathon starter kit, not a real portfolio",LAKE,0.36,0.4,0.46,0.49,0.52,0.56,0.09,0.1,0.115,0.122,0.13,0.14
NZA-0205,0.376545,35.3465,informal_iron_sheet,13,6300,820000,True,"generated for hackathon starter kit, not a real portfolio",KE,0.0,0.0,0.0,0.0,0.0,0.0,0.0,0.0,0.0,0.0,0.0,0.0
NZA-0206,1.127888,34.607065,informal_iron_sheet,28,8800,2465000,True,"generated for hackathon starter kit, not a real portfolio",KE,0.0,0.0,0.0,0.0,0.0,0.0,0.0,0.0,0.0,0.0,0.0,0.0
NZA-0207,1.245841,34.340392,permanent_masonry,73,58100,42415000,True,"generated for hackathon starter kit, not a real portfolio",UG,0.0,0.0,0.0,0.0,0.0,0.0,0.0,0.0,0.0,0.0,0.0,0.0
NZA-0208,0.460521,34.445185,semi_permanent,25,14000,3500000,True,"generated for hackathon starter kit, not a real portfolio",KE,0.0,0.0,0.0,0.0,0.0,0.0,0.0,0.0,0.0,0.0,0.0,0.0
NZA-0209,-0.281133,33.981186,permanent_masonry,79,54100,42740000,True,"generated for hackathon starter kit, not a real portfolio",LAKE,1.22,1.29,1.36,1.41,1.46,1.52,0.305,0.322,0.34,0.352,0.365,0.38
NZA-0210,0.816474,35.262409,semi_permanent,53,14900,7895000,True,"generated for hackathon starter kit, not a real portfolio",KE,0.0,0.0,0.0,0.0,0.0,0.0,0.0,0.0,0.0,0.0,0.0,0.0
NZA-0211,0.961856,34.521307,semi_permanent,31,11300,3505000,True,"generated for hackathon starter kit, not a real portfolio",KE,0.0,0.0,0.0,0.0,0.0,0.0,0.0,0.0,0.0,0.0,0.0,0.0
NZA-0212,-0.065838,34.54263,concrete_rcc,404,70400,284415000,True,"generated for hackathon starter kit, not a real portfolio",KE,0.0,0.0,0.0,0.0,0.0,0.0,0.0,0.0,0.0,0.0,0.0,0.0
NZA-0213,0.91605,33.907819,permanent_masonry,176,64000,112640000,True,"generated for hackathon starter kit, not a real portfolio",UG,0.0,0.0,0.0,0.0,0.0,0.0,0.0,0.0,0.0,0.0,0.0,0.0
NZA-0214,0.07754,34.549123,informal_iron_sheet,11,7800,860000,True,"generated for hackathon starter kit, not a real portfolio",KE,0.0,0.0,0.0,0.0,0.0,0.0,0.0,0.0,0.0,0.0,0.0,0.0
NZA-0215,-0.202341,34.161636,informal_iron_sheet,10,9400,940000,True,"generated for hackathon starter kit, not a real portfolio",LAKE,1.62,1.7,1.8,1.87,1.93,2.01,0.405,0.425,0.45,0.468,0.482,0.502
NZA-0216,0.833242,34.463678,informal_iron_sheet,14,7500,1050000,True,"generated for hackathon starter kit, not a real portfolio",KE,0.0,0.0,0.0,0.0,0.0,0.0,0.0,0.0,0.0,0.0,0.0,0.0
NZA-0217,-0.098812,34.8947,informal_iron_sheet,21,9200,1930000,True,"generated for hackathon starter kit, not a real portfolio",KE,0.0,0.0,0.0,0.0,0.0,0.0,0.0,0.0,0.0,0.0,0.0,0.0
NZA-0218,0.507474,34.920729,semi_permanent,54,9200,4970000,True,"generated for hackathon starter kit, not a real portfolio",KE,0.0,0.0,0.0,0.0,0.0,0.0,0.0,0.0,0.0,0.0,0.0,0.0
NZA-0219,1.054706,34.124126,semi_permanent,43,12300,5290000,True,"generated for hackathon starter kit, not a real portfolio",UG,0.0,0.0,0.0,0.0,0.0,0.0,0.0,0.0,0.0,0.0,0.0,0.0
NZA-0220,0.729331,34.535484,semi_permanent,50,15600,7800000,True,"generated for hackathon starter kit, not a real portfolio",KE,0.0,0.0,0.0,0.0,0.0,0.0,0.0,0.0,0.0,0.0,0.0,0.0
NZA-0221,0.139703,35.199674,semi_permanent,49,14300,7005000,True,"generated for hackathon starter kit, not a real portfolio",KE,0.0,0.0,0.0,0.0,0.0,0.0,0.0,0.0,0.0,0.0,0.0,0.0
NZA-0222,0.963084,34.705498,semi_permanent,36,15400,5545000,True,"generated for hackathon starter kit, not a real portfolio",KE,0.0,0.0,0.0,0.0,0.0,0.0,0.0,0.0,0.0,0.0,0.0,0.0
NZA-0223,0.285659,34.150175,semi_permanent,30,11200,3360000,True,"generated for hackathon starter kit, not a real portfolio",KE,0.0,0.0,0.0,0.0,0.0,0.0,0.0,0.0,0.0,0.0,0.0,0.0
NZA-0224,0.166684,33.973535,permanent_masonry,100,49700,49700000,True,"generated for hackathon starter kit, not a real portfolio",LAKE,0.23,0.27,0.32,0.35,0.38,0.42,0.058,0.068,0.08,0.088,0.095,0.105
NZA-0225,0.981894,33.990876,informal_iron_sheet,15,8200,1230000,True,"generated for hackathon starter kit, not a real portfolio",UG,0.0,0.0,0.0,0.0,0.0,0.0,0.0,0.0,0.0,0.0,0.0,0.0
NZA-0226,0.129184,34.293588,informal_iron_sheet,23,6600,1520000,True,"generated for hackathon starter kit, not a real portfolio",KE,0.0,0.0,0.0,0.0,0.0,0.0,0.0,0.0,0.0,0.0,0.0,0.0
NZA-0227,0.173777,33.973324,informal_iron_sheet,21,9000,1890000,True,"generated for hackathon starter kit, not a real portfolio",LAKE,0.23,0.27,0.32,0.35,0.38,0.42,0.058,0.068,0.08,0.088,0.095,0.105
NZA-0228,0.337195,35.035908,informal_iron_sheet,19,7800,1480000,True,"generated for hackathon starter kit, not a real portfolio",KE,0.0,0.0,0.0,0.0,0.0,0.0,0.0,0.0,0.0,0.0,0.0,0.0
NZA-0229,-0.248699,35.31671,semi_permanent,27,12600,3400000,True,"generated for hackathon starter kit, not a real portfolio",KE,0.0,0.0,0.0,0.0,0.0,0.0,0.0,0.0,0.0,0.0,0.0,0.0
NZA-0230,0.728115,35.387876,semi_permanent,38,12000,4560000,True,"generated for hackathon starter kit, not a real portfolio",KE,0.0,0.0,0.0,0.0,0.0,0.0,0.0,0.0,0.0,0.0,0.0,0.0
NZA-0231,-0.080244,34.892939,semi_permanent,43,9100,3915000,True,"generated for hackathon starter kit, not a real portfolio",KE,0.0,0.0,0.0,0.0,0.0,0.0,0.0,0.0,0.0,0.0,0.0,0.0
NZA-0232,0.247534,34.558433,informal_iron_sheet,11,8200,900000,True,"generated for hackathon starter kit, not a real portfolio",KE,0.0,0.0,0.0,0.0,0.0,0.0,0.0,0.0,0.0,0.0,0.0,0.0
NZA-0233,0.922151,35.061651,concrete_rcc,363,76200,276605000,True,"generated for hackathon starter kit, not a real portfolio",KE,0.0,0.0,0.0,0.0,0.0,0.0,0.0,0.0,0.0,0.0,0.0,0.0
NZA-0234,-0.102681,34.4462,informal_iron_sheet,15,6200,930000,True,"generated for hackathon starter kit, not a real portfolio",KE,0.0,0.0,0.0,0.0,0.0,0.0,0.0,0.0,0.0,0.0,0.0,0.0
NZA-0235,0.277237,33.7611,concrete_rcc,540,66800,360720000,True,"generated for hackathon starter kit, not a real portfolio",UG,0.0,0.0,0.0,0.0,0.0,0.0,0.0,0.0,0.0,0.0,0.0,0.0
NZA-0236,1.051056,35.348716,concrete_rcc,377,59100,222805000,True,"generated for hackathon starter kit, not a real portfolio",KE,0.0,0.0,0.0,0.0,0.0,0.0,0.0,0.0,0.0,0.0,0.0,0.0
NZA-0237,0.664035,33.87008,semi_permanent,40,8700,3480000,True,"generated for hackathon starter kit, not a real portfolio",UG,0.0,0.0,0.0,0.0,0.0,0.0,0.0,0.0,0.0,0.0,0.0,0.0
NZA-0238,-0.203953,33.787429,informal_iron_sheet,14,9400,1315000,True,"generated for hackathon starter kit, not a real portfolio",LAKE,0.46,0.51,0.56,0.6,0.64,0.68,0.115,0.128,0.14,0.15,0.16,0.17
NZA-0239,0.094046,34.98894,informal_iron_sheet,12,8100,970000,True,"generated for hackathon starter kit, not a real portfolio",KE,0.0,0.0,0.0,0.0,0.0,0.0,0.0,0.0,0.0,0.0,0.0,0.0
NZA-0240,0.839308,34.623191,informal_iron_sheet,10,5400,540000,True,"generated for hackathon starter kit, not a real portfolio",KE,0.0,0.0,0.0,0.0,0.0,0.0,0.0,0.0,0.0,0.0,0.0,0.0
NZA-0241,0.903049,34.77593,informal_iron_sheet,10,7600,760000,True,"generated for hackathon starter kit, not a real portfolio",KE,0.0,0.0,0.0,0.0,0.0,0.0,0.0,0.0,0.0,0.0,0.0,0.0
NZA-0242,-0.27746,34.786991,informal_iron_sheet,12,9300,1115000,True,"generated for hackathon starter kit, not a real portfolio",LAKE,0.75,0.87,1.0,1.09,1.17,1.27,0.188,0.218,0.25,0.272,0.292,0.318
NZA-0243,0.311782,34.453673,informal_iron_sheet,22,7900,1740000,True,"generated for hackathon starter kit, not a real portfolio",KE,0.0,0.0,0.0,0.0,0.0,0.0,0.0,0.0,0.0,0.0,0.0,0.0
NZA-0244,0.405315,33.820881,informal_iron_sheet,20,9100,1820000,True,"generated for hackathon starter kit, not a real portfolio",UG,0.0,0.0,0.0,0.0,0.0,0.0,0.0,0.0,0.0,0.0,0.0,0.0
NZA-0245,0.470147,34.610429,informal_iron_sheet,8,6300,505000,True,"generated for hackathon starter kit, not a real portfolio",KE,0.0,0.0,0.0,0.0,0.0,0.0,0.0,0.0,0.0,0.0,0.0,0.0
NZA-0246,0.786112,35.372968,semi_permanent,31,14800,4590000,True,"generated for hackathon starter kit, not a real portfolio",KE,0.0,0.0,0.0,0.0,0.0,0.0,0.0,0.0,0.0,0.0,0.0,0.0
NZA-0247,1.02771,34.603808,permanent_masonry,89,42900,38180000,True,"generated for hackathon starter kit, not a real portfolio",KE,0.0,0.0,0.0,0.0,0.0,0.0,0.0,0.0,0.0,0.0,0.0,0.0
NZA-0248,1.278619,35.180017,semi_permanent,38,15300,5815000,True,"generated for hackathon starter kit, not a real portfolio",KE,0.0,0.0,0.0,0.0,0.0,0.0,0.0,0.0,0.0,0.0,0.0,0.0
NZA-0249,0.784923,35.201385,semi_permanent,34,9100,3095000,True,"generated for hackathon starter kit, not a real portfolio",KE,0.0,0.0,0.0,0.0,0.0,0.0,0.0,0.0,0.0,0.0,0.0,0.0
NZA-0250,0.30244,34.881249,semi_permanent,37,8300,3070000,True,"generated for hackathon starter kit, not a real portfolio",KE,0.0,0.0,0.0,0.0,0.0,0.0,0.0,0.0,0.0,0.0,0.0,0.0
NZA-0251,1.03318,34.046947,informal_iron_sheet,11,5400,595000,True,"generated for hackathon starter kit, not a real portfolio",UG,0.0,0.0,0.0,0.0,0.0,0.0,0.0,0.0,0.0,0.0,0.0,0.0
NZA-0252,1.194176,35.293823,informal_iron_sheet,11,8700,955000,True,"generated for hackathon starter kit, not a real portfolio",KE,0.0,0.0,0.0,0.0,0.0,0.0,0.0,0.0,0.0,0.0,0.0,0.0
NZA-0253,0.529755,35.078419,permanent_masonry,178,41500,73870000,True,"generated for hackathon starter kit, not a real portfolio",KE,0.0,0.0,0.0,0.0,0.0,0.0,0.0,0.0,0.0,0.0,0.0,0.0
NZA-0254,0.343724,35.047128,concrete_rcc,697,61100,425865000,True,"generated for hackathon starter kit, not a real portfolio",KE,0.0,0.0,0.0,0.0,0.0,0.0,0.0,0.0,0.0,0.0,0.0,0.0
NZA-0255,0.70253,33.825102,informal_iron_sheet,8,7400,590000,True,"generated for hackathon starter kit, not a real portfolio",UG,0.0,0.0,0.0,0.0,0.0,0.0,0.0,0.0,0.0,0.0,0.0,0.0
NZA-0256,-0.006645,35.185234,semi_permanent,37,14200,5255000,True,"generated for hackathon starter kit, not a real portfolio",KE,0.0,0.0,0.0,0.0,0.0,0.0,0.0,0.0,0.0,0.0,0.0,0.0
NZA-0257,0.631845,34.774512,informal_iron_sheet,12,5400,650000,True,"generated for hackathon starter kit, not a real portfolio",KE,0.0,0.0,0.0,0.0,0.0,0.0,0.0,0.0,0.0,0.0,0.0,0.0
NZA-0258,0.574405,34.730911,semi_permanent,45,9500,4275000,True,"generated for hackathon starter kit, not a real portfolio",KE,0.0,0.0,0.0,0.0,0.0,0.0,0.0,0.0,0.0,0.0,0.0,0.0
NZA-0259,0.980305,33.863152,informal_iron_sheet,14,8300,1160000,True,"generated for hackathon starter kit, not a real portfolio",UG,0.0,0.0,0.0,0.0,0.0,0.0,0.0,0.0,0.0,0.0,0.0,0.0
NZA-0260,-0.141532,35.034344,permanent_masonry,103,44900,46245000,True,"generated for hackathon starter kit, not a real portfolio",KE,0.0,0.0,0.0,0.0,0.0,0.0,0.0,0.0,0.0,0.0,0.0,0.0
NZA-0261,-0.204841,34.978545,informal_iron_sheet,17,6300,1070000,True,"generated for hackathon starter kit, not a real portfolio",KE,0.0,0.0,0.0,0.0,0.0,0.0,0.0,0.0,0.0,0.0,0.0,0.0
NZA-0262,0.336428,34.151892,semi_permanent,36,15500,5580000,True,"generated for hackathon starter kit, not a real portfolio",KE,0.0,0.0,0.0,0.0,0.0,0.0,0.0,0.0,0.0,0.0,0.0,0.0
NZA-0263,0.441061,33.936723,permanent_masonry,127,49700,63120000,True,"generated for hackathon starter kit, not a real portfolio",UG,0.0,0.0,0.0,0.0,0.0,0.0,0.0,0.0,0.0,0.0,0.0,0.0
NZA-0264,0.582415,34.863063,semi_permanent,69,11000,7590000,True,"generated for hackathon starter kit, not a real portfolio",KE,0.0,0.0,0.0,0.0,0.0,0.0,0.0,0.0,0.0,0.0,0.0,0.0
NZA-0265,1.103404,34.031378,permanent_masonry,141,61800,87140000,True,"generated for hackathon starter kit, not a real portfolio",UG,0.0,0.0,0.0,0.0,0.0,0.0,0.0,0.0,0.0,0.0,0.0,0.0
NZA-0266,-0.289731,34.413022,permanent_masonry,121,54300,65705000,True,"generated for hackathon starter kit, not a real portfolio",LAKE,0.17,0.23,0.3,0.37,0.44,0.53,0.042,0.058,0.075,0.092,0.11,0.132
NZA-0267,1.20618,34.952274,semi_permanent,34,15500,5270000,True,"generated for hackathon starter kit, not a real portfolio",KE,0.0,0.0,0.0,0.0,0.0,0.0,0.0,0.0,0.0,0.0,0.0,0.0
NZA-0268,1.080481,34.541392,permanent_masonry,149,48800,72710000,True,"generated for hackathon starter kit, not a real portfolio",KE,0.0,0.0,0.0,0.0,0.0,0.0,0.0,0.0,0.0,0.0,0.0,0.0
NZA-0269,1.265353,35.013313,semi_permanent,52,15800,8215000,True,"generated for hackathon starter kit, not a real portfolio",KE,0.0,0.0,0.0,0.0,0.0,0.0,0.0,0.0,0.0,0.0,0.0,0.0
NZA-0270,0.162901,33.9899,concrete_rcc,372,55000,204600000,True,"generated for hackathon starter kit, not a real portfolio",KE,0.0,0.0,0.0,0.0,0.0,0.0,0.0,0.0,0.0,0.0,0.0,0.0
NZA-0271,0.91255,35.150675,informal_iron_sheet,11,6300,695000,True,"generated for hackathon starter kit, not a real portfolio",KE,0.0,0.0,0.0,0.0,0.0,0.0,0.0,0.0,0.0,0.0,0.0,0.0
NZA-0272,0.846355,34.649884,informal_iron_sheet,15,7500,1125000,True,"generated for hackathon starter kit, not a real portfolio",KE,0.0,0.0,0.0,0.0,0.0,0.0,0.0,0.0,0.0,0.0,0.0,0.0
NZA-0273,0.661502,34.61257,informal_iron_sheet,13,9800,1275000,True,"generated for hackathon starter kit, not a real portfolio",KE,0.0,0.0,0.0,0.0,0.0,0.0,0.0,0.0,0.0,0.0,0.0,0.0
NZA-0274,0.054072,33.889111,permanent_masonry,99,63600,62965000,True,"generated for hackathon starter kit, not a real portfolio",LAKE,4.09,4.19,4.3,4.38,4.45,4.54,1.0,1.0,1.0,1.0,1.0,1.0
NZA-0275,0.627349,34.64853,informal_iron_sheet,28,5900,1650000,True,"generated for hackathon starter kit, not a real portfolio",KE,0.0,0.0,0.0,0.0,0.0,0.0,0.0,0.0,0.0,0.0,0.0,0.0
NZA-0276,0.777207,34.376214,permanent_masonry,125,44600,55750000,True,"generated for hackathon starter kit, not a real portfolio",KE,0.0,0.0,0.0,0.0,0.0,0.0,0.0,0.0,0.0,0.0,0.0,0.0
NZA-0277,1.02503,35.248999,informal_iron_sheet,14,9500,1330000,True,"generated for hackathon starter kit, not a real portfolio",KE,0.0,0.0,0.0,0.0,0.0,0.0,0.0,0.0,0.0,0.0,0.0,0.0
NZA-0278,0.628028,33.945231,permanent_masonry,85,58800,49980000,True,"generated for hackathon starter kit, not a real portfolio",UG,0.0,0.0,0.0,0.0,0.0,0.0,0.0,0.0,0.0,0.0,0.0,0.0
NZA-0279,0.517021,34.628905,semi_permanent,34,9400,3195000,True,"generated for hackathon starter kit, not a real portfolio",KE,0.0,0.0,0.0,0.0,0.0,0.0,0.0,0.0,0.0,0.0,0.0,0.0
NZA-0280,1.185841,34.483516,semi_permanent,41,10500,4305000,True,"generated for hackathon starter kit, not a real portfolio",UG,0.0,0.0,0.0,0.0,0.0,0.0,0.0,0.0,0.0,0.0,0.0,0.0
NZA-0281,0.439745,35.312734,concrete_rcc,706,66200,467370000,True,"generated for hackathon starter kit, not a real portfolio",KE,0.0,0.0,0.0,0.0,0.0,0.0,0.0,0.0,0.0,0.0,0.0,0.0
NZA-0282,0.791292,35.169288,semi_permanent,51,9300,4745000,True,"generated for hackathon starter kit, not a real portfolio",KE,0.0,0.0,0.0,0.0,0.0,0.0,0.0,0.0,0.0,0.0,0.0,0.0
NZA-0283,0.923322,34.530605,semi_permanent,27,13400,3620000,True,"generated for hackathon starter kit, not a real portfolio",KE,0.0,0.0,0.0,0.0,0.0,0.0,0.0,0.0,0.0,0.0,0.0,0.0
NZA-0284,0.769539,35.168805,informal_iron_sheet,12,8400,1010000,True,"generated for hackathon starter kit, not a real portfolio",KE,0.0,0.0,0.0,0.0,0.0,0.0,0.0,0.0,0.0,0.0,0.0,0.0
NZA-0285,0.574865,34.657637,permanent_masonry,103,35400,36460000,True,"generated for hackathon starter kit, not a real portfolio",KE,0.0,0.0,0.0,0.0,0.0,0.0,0.0,0.0,0.0,0.0,0.0,0.0
NZA-0286,0.178493,33.901017,permanent_masonry,59,54900,32390000,True,"generated for hackathon starter kit, not a real portfolio",LAKE,0.24,0.28,0.33,0.37,0.4,0.45,0.06,0.07,0.082,0.092,0.1,0.112
NZA-0287,-0.032237,33.866162,semi_permanent,39,12600,4915000,True,"generated for hackathon starter kit, not a real portfolio",LAKE,0.47,0.52,0.58,0.62,0.66,0.7,0.118,0.13,0.145,0.155,0.165,0.175
NZA-0288,1.019005,34.386734,permanent_masonry,166,51200,84990000,True,"generated for hackathon starter kit, not a real portfolio",UG,0.0,0.0,0.0,0.0,0.0,0.0,0.0,0.0,0.0,0.0,0.0,0.0
NZA-0289,0.87648,35.270379,semi_permanent,45,11400,5130000,True,"generated for hackathon starter kit, not a real portfolio",KE,0.0,0.0,0.0,0.0,0.0,0.0,0.0,0.0,0.0,0.0,0.0,0.0
NZA-0290,0.727901,34.986233,informal_iron_sheet,14,6400,895000,True,"generated for hackathon starter kit, not a real portfolio",KE,0.0,0.0,0.0,0.0,0.0,0.0,0.0,0.0,0.0,0.0,0.0,0.0
NZA-0291,1.182063,35.231795,concrete_rcc,329,67200,221090000,True,"generated for hackathon starter kit, not a real portfolio",KE,0.0,0.0,0.0,0.0,0.0,0.0,0.0,0.0,0.0,0.0,0.0,0.0
NZA-0292,0.95596,35.318004,informal_iron_sheet,14,9400,1315000,True,"generated for hackathon starter kit, not a real portfolio",KE,0.0,0.0,0.0,0.0,0.0,0.0,0.0,0.0,0.0,0.0,0.0,0.0
NZA-0293,1.153901,34.966821,permanent_masonry,58,36800,21345000,True,"generated for hackathon starter kit, not a real portfolio",KE,0.0,0.0,0.0,0.0,0.0,0.0,0.0,0.0,0.0,0.0,0.0,0.0
NZA-0294,0.965489,34.374677,concrete_rcc,274,51700,141660000,True,"generated for hackathon starter kit, not a real portfolio",UG,0.0,0.0,0.0,0.0,0.0,0.0,0.0,0.0,0.0,0.0,0.0,0.0
NZA-0295,0.368369,34.148271,concrete_rcc,576,67000,385920000,True,"generated for hackathon starter kit, not a real portfolio",KE,0.0,0.0,0.0,0.0,0.0,0.0,0.0,0.0,0.0,0.0,0.0,0.0
NZA-0296,0.834715,35.024396,semi_permanent,46,9400,4325000,True,"generated for hackathon starter kit, not a real portfolio",KE,0.0,0.0,0.0,0.0,0.0,0.0,0.0,0.0,0.0,0.0,0.0,0.0
NZA-0297,0.910832,35.060717,informal_iron_sheet,17,5100,865000,True,"generated for hackathon starter kit, not a real portfolio",KE,0.0,0.0,0.0,0.0,0.0,0.0,0.0,0.0,0.0,0.0,0.0,0.0
NZA-0298,0.35965,35.324168,informal_iron_sheet,23,5300,1220000,True,"generated for hackathon starter kit, not a real portfolio",KE,0.0,0.0,0.0,0.0,0.0,0.0,0.0,0.0,0.0,0.0,0.0,0.0
NZA-0299,0.153178,34.779217,semi_permanent,27,8800,2375000,True,"generated for hackathon starter kit, not a real portfolio",KE,0.0,0.0,0.0,0.0,0.0,0.0,0.0,0.0,0.0,0.0,0.0,0.0
NZA-0300,0.458554,35.18356,semi_permanent,24,15000,3600000,True,"generated for hackathon starter kit, not a real portfolio",KE,0.0,0.0,0.0,0.0,0.0,0.0,0.0,0.0,0.0,0.0,0.0,0.0
NZA-0301,-0.162183,34.160557,permanent_masonry,128,62300,79745000,True,"generated for hackathon starter kit, not a real portfolio",KE,0.0,0.0,0.0,0.0,0.0,0.0,0.0,0.0,0.0,0.0,0.0,0.0
NZA-0302,0.308398,34.177234,semi_permanent,51,15100,7700000,True,"generated for hackathon starter kit, not a real portfolio",KE,0.0,0.0,0.0,0.0,0.0,0.0,0.0,0.0,0.0,0.0,0.0,0.0
NZA-0303,0.949621,34.475347,informal_iron_sheet,14,6400,895000,True,"generated for hackathon starter kit, not a real portfolio",UG,0.0,0.0,0.0,0.0,0.0,0.0,0.0,0.0,0.0,0.0,0.0,0.0
NZA-0304,0.668158,33.957035,concrete_rcc,403,63900,257515000,True,"generated for hackathon starter kit, not a real portfolio",UG,0.0,0.0,0.0,0.0,0.0,0.0,0.0,0.0,0.0,0.0,0.0,0.0
NZA-0305,0.980948,35.148597,informal_iron_sheet,13,5600,730000,True,"generated for hackathon starter kit, not a real portfolio",KE,0.0,0.0,0.0,0.0,0.0,0.0,0.0,0.0,0.0,0.0,0.0,0.0
NZA-0306,0.332437,35.079992,permanent_masonry,92,37300,34315000,True,"generated for hackathon starter kit, not a real portfolio",KE,0.0,0.0,0.0,0.0,0.0,0.0,0.0,0.0,0.0,0.0,0.0,0.0
NZA-0307,1.250294,35.241248,concrete_rcc,389,79400,308865000,True,"generated for hackathon starter kit, not a real portfolio",KE,0.0,0.0,0.0,0.0,0.0,0.0,0.0,0.0,0.0,0.0,0.0,0.0
NZA-0308,0.694308,33.996537,permanent_masonry,198,62200,123155000,True,"generated for hackathon starter kit, not a real portfolio",UG,0.0,0.0,0.0,0.0,0.0,0.0,0.0,0.0,0.0,0.0,0.0,0.0
NZA-0309,1.00907,34.814645,semi_permanent,65,11300,7345000,True,"generated for hackathon starter kit, not a real portfolio",KE,0.0,0.0,0.0,0.0,0.0,0.0,0.0,0.0,0.0,0.0,0.0,0.0
NZA-0310,-0.138074,33.746357,informal_iron_sheet,16,7700,1230000,True,"generated for hackathon starter kit, not a real portfolio",LAKE,0.32,0.36,0.41,0.44,0.48,0.51,0.08,0.09,0.102,0.11,0.12,0.128
NZA-0311,0.156966,33.874016,semi_permanent,44,8600,3785000,True,"generated for hackathon starter kit, not a real portfolio",LAKE,0.63,0.81,1.11,1.25,1.35,1.45,0.158,0.202,0.278,0.312,0.338,0.362
NZA-0312,-0.216944,34.610915,informal_iron_sheet,15,6000,900000,True,"generated for hackathon starter kit, not a real portfolio",LAKE,0.39,0.54,0.7,0.85,1.0,1.14,0.098,0.135,0.175,0.212,0.25,0.285
NZA-0313,-0.264664,34.910856,permanent_masonry,101,52500,53025000,True,"generated for hackathon starter kit, not a real portfolio",KE,0.0,0.0,0.0,0.0,0.0,0.0,0.0,0.0,0.0,0.0,0.0,0.0
NZA-0314,0.039246,34.809932,permanent_masonry,93,51900,48265000,True,"generated for hackathon starter kit, not a real portfolio",KE,0.0,0.0,0.0,0.0,0.0,0.0,0.0,0.0,0.0,0.0,0.0,0.0
NZA-0315,1.124506,33.892295,permanent_masonry,59,63800,37640000,True,"generated for hackathon starter kit, not a real portfolio",UG,0.0,0.0,0.0,0.0,0.0,0.0,0.0,0.0,0.0,0.0,0.0,0.0
NZA-0316,0.345467,34.256804,informal_iron_sheet,16,5800,930000,True,"generated for hackathon starter kit, not a real portfolio",KE,0.0,0.0,0.0,0.0,0.0,0.0,0.0,0.0,0.0,0.0,0.0,0.0
NZA-0317,-0.19775,34.547148,semi_permanent,41,13200,5410000,True,"generated for hackathon starter kit, not a real portfolio",LAKE,0.13,0.38,0.69,0.85,0.99,1.12,0.032,0.095,0.172,0.212,0.248,0.28
NZA-0318,-0.180077,33.715615,informal_iron_sheet,15,6400,960000,True,"generated for hackathon starter kit, not a real portfolio",LAKE,0.47,0.52,0.58,0.62,0.66,0.7,0.118,0.13,0.145,0.155,0.165,0.175
NZA-0319,0.742574,34.693275,informal_iron_sheet,12,6800,815000,True,"generated for hackathon starter kit, not a real portfolio",KE,0.0,0.0,0.0,0.0,0.0,0.0,0.0,0.0,0.0,0.0,0.0,0.0
NZA-0320,0.767671,34.547825,semi_permanent,25,14800,3700000,True,"generated for hackathon starter kit, not a real portfolio",KE,0.0,0.0,0.0,0.0,0.0,0.0,0.0,0.0,0.0,0.0,0.0,0.0
NZA-0321,0.276305,34.64447,concrete_rcc,186,66900,124435000,True,"generated for hackathon starter kit, not a real portfolio",KE,0.0,0.0,0.0,0.0,0.0,0.0,0.0,0.0,0.0,0.0,0.0,0.0
NZA-0322,1.25903,35.393372,permanent_masonry,47,39100,18375000,True,"generated for hackathon starter kit, not a real portfolio",KE,0.0,0.0,0.0,0.0,0.0,0.0,0.0,0.0,0.0,0.0,0.0,0.0
NZA-0323,-0.296545,34.470554,informal_iron_sheet,23,8500,1955000,True,"generated for hackathon starter kit, not a real portfolio",LAKE,3.12,3.23,3.35,3.43,3.5,3.58,0.78,0.808,0.838,0.858,0.875,0.895
NZA-0324,0.033137,35.342208,semi_permanent,45,9800,4410000,True,"generated for hackathon starter kit, not a real portfolio",KE,0.0,0.0,0.0,0.0,0.0,0.0,0.0,0.0,0.0,0.0,0.0,0.0
NZA-0325,0.594286,34.69312,semi_permanent,35,10100,3535000,True,"generated for hackathon starter kit, not a real portfolio",KE,0.0,0.0,0.0,0.0,0.0,0.0,0.0,0.0,0.0,0.0,0.0,0.0
NZA-0326,0.115034,34.472817,permanent_masonry,68,44300,30125000,True,"generated for hackathon starter kit, not a real portfolio",KE,0.0,0.0,0.0,0.0,0.0,0.0,0.0,0.0,0.0,0.0,0.0,0.0
NZA-0327,1.001417,34.038693,concrete_rcc,995,72800,724360000,True,"generated for hackathon starter kit, not a real portfolio",UG,0.0,0.0,0.0,0.0,0.0,0.0,0.0,0.0,0.0,0.0,0.0,0.0
NZA-0328,-0.104347,35.09238,semi_permanent,45,10900,4905000,True,"generated for hackathon starter kit, not a real portfolio",KE,0.0,0.0,0.0,0.0,0.0,0.0,0.0,0.0,0.0,0.0,0.0,0.0
NZA-0329,0.295155,34.238132,concrete_rcc,288,64000,184320000,True,"generated for hackathon starter kit, not a real portfolio",KE,0.0,0.0,0.0,0.0,0.0,0.0,0.0,0.0,0.0,0.0,0.0,0.0
NZA-0330,0.78048,34.173979,semi_permanent,47,15700,7380000,True,"generated for hackathon starter kit, not a real portfolio",UG,0.0,0.0,0.0,0.0,0.0,0.0,0.0,0.0,0.0,0.0,0.0,0.0
NZA-0331,-0.109391,34.341276,concrete_rcc,910,60100,546910000,True,"generated for hackathon starter kit, not a real portfolio",KE,0.0,0.0,0.0,0.0,0.0,0.0,0.0,0.0,0.0,0.0,0.0,0.0
NZA-0332,0.048393,34.565011,informal_iron_sheet,24,9700,2330000,True,"generated for hackathon starter kit, not a real portfolio",KE,0.0,0.0,0.0,0.0,0.0,0.0,0.0,0.0,0.0,0.0,0.0,0.0
NZA-0333,0.25734,34.321241,informal_iron_sheet,16,5500,880000,True,"generated for hackathon starter kit, not a real portfolio",KE,0.0,0.0,0.0,0.0,0.0,0.0,0.0,0.0,0.0,0.0,0.0,0.0
NZA-0334,0.69927,35.031547,permanent_masonry,106,58300,61800000,True,"generated for hackathon starter kit, not a real portfolio",KE,0.0,0.0,0.0,0.0,0.0,0.0,0.0,0.0,0.0,0.0,0.0,0.0
NZA-0335,0.481944,34.066823,concrete_rcc,585,78200,457470000,True,"generated for hackathon starter kit, not a real portfolio",UG,0.0,0.0,0.0,0.0,0.0,0.0,0.0,0.0,0.0,0.0,0.0,0.0
NZA-0336,1.241742,34.091352,permanent_masonry,64,56000,35840000,True,"generated for hackathon starter kit, not a real portfolio",UG,0.0,0.0,0.0,0.0,0.0,0.0,0.0,0.0,0.0,0.0,0.0,0.0
NZA-0337,1.198726,34.755269,informal_iron_sheet,19,5900,1120000,True,"generated for hackathon starter kit, not a real portfolio",KE,0.0,0.0,0.0,0.0,0.0,0.0,0.0,0.0,0.0,0.0,0.0,0.0
NZA-0338,0.446663,33.736635,semi_permanent,63,8900,5605000,True,"generated for hackathon starter kit, not a real portfolio",UG,0.0,0.0,0.0,0.0,0.0,0.0,0.0,0.0,0.0,0.0,0.0,0.0
NZA-0339,0.024772,34.30548,permanent_masonry,106,47000,49820000,True,"generated for hackathon starter kit, not a real portfolio",KE,0.0,0.0,0.0,0.0,0.0,0.0,0.0,0.0,0.0,0.0,0.0,0.0
NZA-0340,0.171572,35.11162,permanent_masonry,106,43500,46110000,True,"generated for hackathon starter kit, not a real portfolio",KE,0.0,0.0,0.0,0.0,0.0,0.0,0.0,0.0,0.0,0.0,0.0,0.0
NZA-0341,0.795236,35.292739,semi_permanent,70,9600,6720000,True,"generated for hackathon starter kit, not a real portfolio",KE,0.0,0.0,0.0,0.0,0.0,0.0,0.0,0.0,0.0,0.0,0.0,0.0
NZA-0342,-0.126004,34.84036,informal_iron_sheet,13,8000,1040000,True,"generated for hackathon starter kit, not a real portfolio",KE,0.0,0.0,0.0,0.0,0.0,0.0,0.0,0.0,0.0,0.0,0.0,0.0
NZA-0343,-0.199741,34.026399,concrete_rcc,343,71500,245245000,True,"generated for hackathon starter kit, not a real portfolio",LAKE,0.4,0.45,0.51,0.55,0.59,0.64,0.1,0.112,0.128,0.138,0.148,0.16
NZA-0344,0.111087,34.308282,concrete_rcc,492,69000,339480000,True,"generated for hackathon starter kit, not a real portfolio",KE,0.0,0.0,0.0,0.0,0.0,0.0,0.0,0.0,0.0,0.0,0.0,0.0
NZA-0345,0.624731,34.421918,semi_permanent,43,15700,6750000,True,"generated for hackathon starter kit, not a real portfolio",KE,0.0,0.0,0.0,0.0,0.0,0.0,0.0,0.0,0.0,0.0,0.0,0.0
NZA-0346,1.240717,35.148812,semi_permanent,35,12100,4235000,True,"generated for hackathon starter kit, not a real portfolio",KE,0.0,0.0,0.0,0.0,0.0,0.0,0.0,0.0,0.0,0.0,0.0,0.0
NZA-0347,0.230103,34.12453,informal_iron_sheet,10,5600,560000,True,"generated for hackathon starter kit, not a real portfolio",KE,0.0,0.0,0.0,0.0,0.0,0.0,0.0,0.0,0.0,0.0,0.0,0.0
NZA-0348,-0.158487,34.968485,semi_permanent,41,12100,4960000,True,"generated for hackathon starter kit, not a real portfolio",KE,0.0,0.0,0.0,0.0,0.0,0.0,0.0,0.0,0.0,0.0,0.0,0.0
NZA-0349,0.964796,34.438534,permanent_masonry,148,40200,59495000,True,"generated for hackathon starter kit, not a real portfolio",UG,0.0,0.0,0.0,0.0,0.0,0.0,0.0,0.0,0.0,0.0,0.0,0.0
NZA-0350,1.0998,34.915436,permanent_masonry,143,43800,62635000,True,"generated for hackathon starter kit, not a real portfolio",KE,0.0,0.0,0.0,0.0,0.0,0.0,0.0,0.0,0.0,0.0,0.0,0.0
NZA-0351,0.273103,34.838045,concrete_rcc,364,66900,243515000,True,"generated for hackathon starter kit, not a real portfolio",KE,0.0,0.0,0.0,0.0,0.0,0.0,0.0,0.0,0.0,0.0,0.0,0.0
NZA-0352,0.508895,35.217335,informal_iron_sheet,8,9200,735000,True,"generated for hackathon starter kit, not a real portfolio",KE,0.0,0.0,0.0,0.0,0.0,0.0,0.0,0.0,0.0,0.0,0.0,0.0
NZA-0353,0.796888,34.850966,semi_permanent,49,15800,7740000,True,"generated for hackathon starter kit, not a real portfolio",KE,0.0,0.0,0.0,0.0,0.0,0.0,0.0,0.0,0.0,0.0,0.0,0.0
NZA-0354,0.787981,34.126489,semi_permanent,57,13100,7465000,True,"generated for hackathon starter kit, not a real portfolio",UG,0.0,0.0,0.0,0.0,0.0,0.0,0.0,0.0,0.0,0.0,0.0,0.0
NZA-0355,0.864138,34.433399,informal_iron_sheet,16,9700,1550000,True,"generated for hackathon starter kit, not a real portfolio",UG,0.0,0.0,0.0,0.0,0.0,0.0,0.0,0.0,0.0,0.0,0.0,0.0
NZA-0356,0.75526,34.406184,informal_iron_sheet,15,7400,1110000,True,"generated for hackathon starter kit, not a real portfolio",KE,0.0,0.0,0.0,0.0,0.0,0.0,0.0,0.0,0.0,0.0,0.0,0.0
NZA-0357,-0.274891,34.000098,semi_permanent,22,14100,3100000,True,"generated for hackathon starter kit, not a real portfolio",LAKE,0.57,0.62,0.68,0.73,0.77,0.82,0.142,0.155,0.17,0.182,0.192,0.205
NZA-0358,0.257418,35.240719,informal_iron_sheet,13,8600,1120000,True,"generated for hackathon starter kit, not a real portfolio",KE,0.0,0.0,0.0,0.0,0.0,0.0,0.0,0.0,0.0,0.0,0.0,0.0
NZA-0359,-0.179782,34.04073,informal_iron_sheet,19,7900,1500000,True,"generated for hackathon starter kit, not a real portfolio",LAKE,0.37,0.43,0.49,0.53,0.57,0.62,0.092,0.108,0.122,0.132,0.142,0.155
NZA-0360,-0.211896,34.215362,semi_permanent,46,14700,6760000,True,"generated for hackathon starter kit, not a real portfolio",KE,0.0,0.0,0.0,0.0,0.0,0.0,0.0,0.0,0.0,0.0,0.0,0.0
NZA-0361,0.136668,35.356317,semi_permanent,33,8900,2935000,True,"generated for hackathon starter kit, not a real portfolio",KE,0.0,0.0,0.0,0.0,0.0,0.0,0.0,0.0,0.0,0.0,0.0,0.0
NZA-0362,0.993362,34.81099,semi_permanent,32,10900,3490000,True,"generated for hackathon starter kit, not a real portfolio",KE,0.0,0.0,0.0,0.0,0.0,0.0,0.0,0.0,0.0,0.0,0.0,0.0
NZA-0363,0.093722,35.125256,informal_iron_sheet,17,7400,1260000,True,"generated for hackathon starter kit, not a real portfolio",KE,0.0,0.0,0.0,0.0,0.0,0.0,0.0,0.0,0.0,0.0,0.0,0.0
NZA-0364,0.481802,33.718245,semi_permanent,38,14000,5320000,True,"generated for hackathon starter kit, not a real portfolio",UG,0.0,0.0,0.0,0.0,0.0,0.0,0.0,0.0,0.0,0.0,0.0,0.0
NZA-0365,0.803341,34.813402,semi_permanent,48,14800,7105000,True,"generated for hackathon starter kit, not a real portfolio",KE,0.0,0.0,0.0,0.0,0.0,0.0,0.0,0.0,0.0,0.0,0.0,0.0
NZA-0366,0.435186,34.383184,permanent_masonry,67,36500,24455000,True,"generated for hackathon starter kit, not a real portfolio",KE,0.0,0.0,0.0,0.0,0.0,0.0,0.0,0.0,0.0,0.0,0.0,0.0
NZA-0367,0.79895,35.329582,informal_iron_sheet,14,7900,1105000,True,"generated for hackathon starter kit, not a real portfolio",KE,0.0,0.0,0.0,0.0,0.0,0.0,0.0,0.0,0.0,0.0,0.0,0.0
NZA-0368,1.140014,35.187459,concrete_rcc,505,56000,282800000,True,"generated for hackathon starter kit, not a real portfolio",KE,0.0,0.0,0.0,0.0,0.0,0.0,0.0,0.0,0.0,0.0,0.0,0.0
NZA-0369,1.153627,34.759466,semi_permanent,39,13300,5185000,True,"generated for hackathon starter kit, not a real portfolio",KE,0.0,0.0,0.0,0.0,0.0,0.0,0.0,0.0,0.0,0.0,0.0,0.0
NZA-0370,0.134927,35.299035,permanent_masonry,115,47500,54625000,True,"generated for hackathon starter kit, not a real portfolio",KE,0.0,0.0,0.0,0.0,0.0,0.0,0.0,0.0,0.0,0.0,0.0,0.0
NZA-0371,0.41675,34.966914,permanent_masonry,63,52400,33010000,True,"generated for hackathon starter kit, not a real portfolio",KE,0.0,0.0,0.0,0.0,0.0,0.0,0.0,0.0,0.0,0.0,0.0,0.0
NZA-0372,0.188227,33.875189,informal_iron_sheet,15,6200,930000,True,"generated for hackathon starter kit, not a real portfolio",UG,0.0,0.0,0.0,0.0,0.0,0.0,0.0,0.0,0.0,0.0,0.0,0.0
NZA-0373,1.002419,34.710645,concrete_rcc,282,54300,153125000,True,"generated for hackathon starter kit, not a real portfolio",KE,0.0,0.0,0.0,0.0,0.0,0.0,0.0,0.0,0.0,0.0,0.0,0.0
NZA-0374,0.148013,35.314808,semi_permanent,30,13100,3930000,True,"generated for hackathon starter kit, not a real portfolio",KE,0.0,0.0,0.0,0.0,0.0,0.0,0.0,0.0,0.0,0.0,0.0,0.0
NZA-0375,0.328548,33.936989,informal_iron_sheet,20,5500,1100000,True,"generated for hackathon starter kit, not a real portfolio",UG,0.0,0.0,0.0,0.0,0.0,0.0,0.0,0.0,0.0,0.0,0.0,0.0
NZA-0376,-0.061283,34.733168,informal_iron_sheet,11,8100,890000,True,"generated for hackathon starter kit, not a real portfolio",KE,0.0,0.0,0.0,0.0,0.0,0.0,0.0,0.0,0.0,0.0,0.0,0.0
NZA-0377,0.008762,33.820651,concrete_rcc,578,73700,425985000,True,"generated for hackathon starter kit, not a real portfolio",LAKE,0.62,0.68,0.74,0.79,0.83,0.88,0.155,0.17,0.185,0.198,0.208,0.22
NZA-0378,0.616033,34.419873,semi_permanent,38,10300,3915000,True,"generated for hackathon starter kit, not a real portfolio",KE,0.0,0.0,0.0,0.0,0.0,0.0,0.0,0.0,0.0,0.0,0.0,0.0
NZA-0379,-0.247038,34.960714,semi_permanent,61,9400,5735000,True,"generated for hackathon starter kit, not a real portfolio",KE,0.0,0.0,0.0,0.0,0.0,0.0,0.0,0.0,0.0,0.0,0.0,0.0
NZA-0380,1.028664,34.440164,permanent_masonry,140,59300,83020000,True,"generated for hackathon starter kit, not a real portfolio",UG,0.0,0.0,0.0,0.0,0.0,0.0,0.0,0.0,0.0,0.0,0.0,0.0
NZA-0381,0.03298,35.311184,informal_iron_sheet,23,5000,1150000,True,"generated for hackathon starter kit, not a real portfolio",KE,0.0,0.0,0.0,0.0,0.0,0.0,0.0,0.0,0.0,0.0,0.0,0.0
NZA-0382,0.134439,34.249404,permanent_masonry,89,39800,35420000,True,"generated for hackathon starter kit, not a real portfolio",KE,0.0,0.0,0.0,0.0,0.0,0.0,0.0,0.0,0.0,0.0,0.0,0.0
NZA-0383,-0.276326,35.077981,concrete_rcc,468,79500,372060000,True,"generated for hackathon starter kit, not a real portfolio",KE,0.0,0.0,0.0,0.0,0.0,0.0,0.0,0.0,0.0,0.0,0.0,0.0
NZA-0384,1.276649,33.751257,permanent_masonry,102,57600,58750000,True,"generated for hackathon starter kit, not a real portfolio",UG,0.0,0.0,0.0,0.0,0.0,0.0,0.0,0.0,0.0,0.0,0.0,0.0
NZA-0385,1.255817,34.341503,informal_iron_sheet,18,8400,1510000,True,"generated for hackathon starter kit, not a real portfolio",UG,0.0,0.0,0.0,0.0,0.0,0.0,0.0,0.0,0.0,0.0,0.0,0.0
NZA-0386,0.877986,35.214762,semi_permanent,42,15600,6550000,True,"generated for hackathon starter kit, not a real portfolio",KE,0.0,0.0,0.0,0.0,0.0,0.0,0.0,0.0,0.0,0.0,0.0,0.0
NZA-0387,0.846554,34.91434,informal_iron_sheet,14,8300,1160000,True,"generated for hackathon starter kit, not a real portfolio",KE,0.0,0.0,0.0,0.0,0.0,0.0,0.0,0.0,0.0,0.0,0.0,0.0
NZA-0388,-0.293337,35.001587,informal_iron_sheet,18,5700,1025000,True,"generated for hackathon starter kit, not a real portfolio",KE,0.0,0.0,0.0,0.0,0.0,0.0,0.0,0.0,0.0,0.0,0.0,0.0
NZA-0389,0.404294,34.409473,semi_permanent,52,14400,7490000,True,"generated for hackathon starter kit, not a real portfolio",KE,0.0,0.0,0.0,0.0,0.0,0.0,0.0,0.0,0.0,0.0,0.0,0.0
NZA-0390,0.033382,34.710524,informal_iron_sheet,18,5400,970000,True,"generated for hackathon starter kit, not a real portfolio",KE,0.0,0.0,0.0,0.0,0.0,0.0,0.0,0.0,0.0,0.0,0.0,0.0
NZA-0391,0.780842,34.847427,semi_permanent,30,13700,4110000,True,"generated for hackathon starter kit, not a real portfolio",KE,0.0,0.0,0.0,0.0,0.0,0.0,0.0,0.0,0.0,0.0,0.0,0.0
NZA-0392,0.945937,34.461041,informal_iron_sheet,13,8400,1090000,True,"generated for hackathon starter kit, not a real portfolio",UG,0.0,0.0,0.0,0.0,0.0,0.0,0.0,0.0,0.0,0.0,0.0,0.0
NZA-0393,0.42372,34.738458,permanent_masonry,96,40100,38495000,True,"generated for hackathon starter kit, not a real portfolio",KE,0.0,0.0,0.0,0.0,0.0,0.0,0.0,0.0,0.0,0.0,0.0,0.0
NZA-0394,0.348756,34.631277,semi_permanent,39,14100,5500000,True,"generated for hackathon starter kit, not a real portfolio",KE,0.0,0.0,0.0,0.0,0.0,0.0,0.0,0.0,0.0,0.0,0.0,0.0
NZA-0395,0.585248,34.36428,permanent_masonry,143,49800,71215000,True,"generated for hackathon starter kit, not a real portfolio",KE,0.0,0.0,0.0,0.0,0.0,0.0,0.0,0.0,0.0,0.0,0.0,0.0
NZA-0396,-0.074978,34.587112,informal_iron_sheet,9,9100,820000,True,"generated for hackathon starter kit, not a real portfolio",KE,0.0,0.0,0.0,0.0,0.0,0.0,0.0,0.0,0.0,0.0,0.0,0.0
NZA-0397,-0.22939,34.641788,informal_iron_sheet,18,9900,1780000,True,"generated for hackathon starter kit, not a real portfolio",LAKE,0.29,0.42,0.64,0.84,1.0,1.13,0.072,0.105,0.16,0.21,0.25,0.282
NZA-0398,0.650527,34.741207,informal_iron_sheet,16,9900,1585000,True,"generated for hackathon starter kit, not a real portfolio",KE,0.0,0.0,0.0,0.0,0.0,0.0,0.0,0.0,0.0,0.0,0.0,0.0
NZA-0399,0.885129,34.939104,semi_permanent,63,15100,9515000,True,"generated for hackathon starter kit, not a real portfolio",KE,0.0,0.0,0.0,0.0,0.0,0.0,0.0,0.0,0.0,0.0,0.0,0.0
NZA-0400,0.569339,34.882715,permanent_masonry,123,45800,56335000,True,"generated for hackathon starter kit, not a real portfolio",KE,0.0,0.0,0.0,0.0,0.0,0.0,0.0,0.0,0.0,0.0,0.0,0.0
NZA-0401,0.692191,35.232247,informal_iron_sheet,12,5600,670000,True,"generated for hackathon starter kit, not a real portfolio",KE,0.0,0.0,0.0,0.0,0.0,0.0,0.0,0.0,0.0,0.0,0.0,0.0
NZA-0402,0.084278,35.342177,permanent_masonry,135,58200,78570000,True,"generated for hackathon starter kit, not a real portfolio",KE,0.0,0.0,0.0,0.0,0.0,0.0,0.0,0.0,0.0,0.0,0.0,0.0
NZA-0403,0.719236,33.715352,concrete_rcc,338,63900,215980000,True,"generated for hackathon starter kit, not a real portfolio",UG,0.0,0.0,0.0,0.0,0.0,0.0,0.0,0.0,0.0,0.0,0.0,0.0
NZA-0404,-0.068859,34.897573,semi_permanent,21,13500,2835000,True,"generated for hackathon starter kit, not a real portfolio",KE,0.0,0.0,0.0,0.0,0.0,0.0,0.0,0.0,0.0,0.0,0.0,0.0
NZA-0405,-0.249223,35.147287,permanent_masonry,121,52100,63040000,True,"generated for hackathon starter kit, not a real portfolio",KE,0.0,0.0,0.0,0.0,0.0,0.0,0.0,0.0,0.0,0.0,0.0,0.0
NZA-0406,0.144545,34.672172,informal_iron_sheet,14,9700,1360000,True,"generated for hackathon starter kit, not a real portfolio",KE,0.0,0.0,0.0,0.0,0.0,0.0,0.0,0.0,0.0,0.0,0.0,0.0
NZA-0407,-0.09259,33.945155,informal_iron_sheet,12,7500,900000,True,"generated for hackathon starter kit, not a real portfolio",LAKE,0.34,0.39,0.44,0.49,0.53,0.58,0.085,0.098,0.11,0.122,0.132,0.145
NZA-0408,0.606909,35.344483,permanent_masonry,88,58400,51390000,True,"generated for hackathon starter kit, not a real portfolio",KE,0.0,0.0,0.0,0.0,0.0,0.0,0.0,0.0,0.0,0.0,0.0,0.0
NZA-0409,1.10873,35.000699,semi_permanent,33,12000,3960000,True,"generated for hackathon starter kit, not a real portfolio",KE,0.0,0.0,0.0,0.0,0.0,0.0,0.0,0.0,0.0,0.0,0.0,0.0
NZA-0410,0.063538,34.230758,semi_permanent,55,14300,7865000,True,"generated for hackathon starter kit, not a real portfolio",KE,0.0,0.0,0.0,0.0,0.0,0.0,0.0,0.0,0.0,0.0,0.0,0.0
NZA-0411,0.864845,34.215677,informal_iron_sheet,11,8400,925000,True,"generated for hackathon starter kit, not a real portfolio",UG,0.0,0.0,0.0,0.0,0.0,0.0,0.0,0.0,0.0,0.0,0.0,0.0
NZA-0412,0.538159,33.83332,permanent_masonry,129,61800,79720000,True,"generated for hackathon starter kit, not a real portfolio",UG,0.0,0.0,0.0,0.0,0.0,0.0,0.0,0.0,0.0,0.0,0.0,0.0
NZA-0413,0.428455,34.240755,permanent_masonry,129,63200,81530000,True,"generated for hackathon starter kit, not a real portfolio",KE,0.0,0.0,0.0,0.0,0.0,0.0,0.0,0.0,0.0,0.0,0.0,0.0
NZA-0414,0.647717,34.484053,concrete_rcc,840,57800,485520000,True,"generated for hackathon starter kit, not a real portfolio",KE,0.0,0.0,0.0,0.0,0.0,0.0,0.0,0.0,0.0,0.0,0.0,0.0
NZA-0415,0.413499,34.160793,informal_iron_sheet,20,7500,1500000,True,"generated for hackathon starter kit, not a real portfolio",KE,0.0,0.0,0.0,0.0,0.0,0.0,0.0,0.0,0.0,0.0,0.0,0.0
NZA-0416,0.549676,33.843996,permanent_masonry,152,50500,76760000,True,"generated for hackathon starter kit, not a real portfolio",UG,0.0,0.0,0.0,0.0,0.0,0.0,0.0,0.0,0.0,0.0,0.0,0.0
NZA-0417,0.08007,34.055394,informal_iron_sheet,9,5200,470000,True,"generated for hackathon starter kit, not a real portfolio",KE,0.63,0.74,0.88,0.97,1.06,1.17,0.158,0.185,0.22,0.242,0.265,0.292
NZA-0418,1.070937,33.783992,concrete_rcc,540,53100,286740000,True,"generated for hackathon starter kit, not a real portfolio",UG,0.0,0.0,0.0,0.0,0.0,0.0,0.0,0.0,0.0,0.0,0.0,0.0
NZA-0419,0.51704,34.371814,informal_iron_sheet,13,7300,950000,True,"generated for hackathon starter kit, not a real portfolio",KE,0.0,0.0,0.0,0.0,0.0,0.0,0.0,0.0,0.0,0.0,0.0,0.0
NZA-0420,0.773617,34.734959,permanent_masonry,68,60100,40870000,True,"generated for hackathon starter kit, not a real portfolio",KE,0.0,0.0,0.0,0.0,0.0,0.0,0.0,0.0,0.0,0.0,0.0,0.0
NZA-0421,0.010114,35.137946,permanent_masonry,70,36200,25340000,True,"generated for hackathon starter kit, not a real portfolio",KE,0.0,0.0,0.0,0.0,0.0,0.0,0.0,0.0,0.0,0.0,0.0,0.0
NZA-0422,0.435472,35.134517,informal_iron_sheet,10,6400,640000,True,"generated for hackathon starter kit, not a real portfolio",KE,0.0,0.0,0.0,0.0,0.0,0.0,0.0,0.0,0.0,0.0,0.0,0.0
NZA-0423,-0.198967,34.281169,permanent_masonry,159,61000,96990000,True,"generated for hackathon starter kit, not a real portfolio",KE,0.0,0.0,0.0,0.0,0.0,0.0,0.0,0.0,0.0,0.0,0.0,0.0
NZA-0424,-0.243639,34.696023,informal_iron_sheet,11,8200,900000,True,"generated for hackathon starter kit, not a real portfolio",LAKE,2.74,2.91,3.12,3.21,3.3,3.39,0.685,0.728,0.78,0.802,0.825,0.848
NZA-0425,0.445653,34.787098,semi_permanent,37,13800,5105000,True,"generated for hackathon starter kit, not a real portfolio",KE,0.0,0.0,0.0,0.0,0.0,0.0,0.0,0.0,0.0,0.0,0.0,0.0
NZA-0426,1.108655,33.954177,permanent_masonry,128,54600,69890000,True,"generated for hackathon starter kit, not a real portfolio",UG,0.0,0.0,0.0,0.0,0.0,0.0,0.0,0.0,0.0,0.0,0.0,0.0
NZA-0427,0.603417,34.781679,concrete_rcc,552,59700,329545000,True,"generated for hackathon starter kit, not a real portfolio",KE,0.0,0.0,0.0,0.0,0.0,0.0,0.0,0.0,0.0,0.0,0.0,0.0
NZA-0428,-0.27813,34.468108,informal_iron_sheet,12,9600,1150000,True,"generated for hackathon starter kit, not a real portfolio",LAKE,0.64,1.1,1.21,1.28,1.34,1.4,0.16,0.275,0.302,0.32,0.335,0.35
NZA-0429,0.283537,34.654823,semi_permanent,60,15900,9540000,True,"generated for hackathon starter kit, not a real portfolio",KE,0.0,0.0,0.0,0.0,0.0,0.0,0.0,0.0,0.0,0.0,0.0,0.0
NZA-0430,0.137854,35.21501,informal_iron_sheet,16,6000,960000,True,"generated for hackathon starter kit, not a real portfolio",KE,0.0,0.0,0.0,0.0,0.0,0.0,0.0,0.0,0.0,0.0,0.0,0.0
NZA-0431,0.735051,34.152995,informal_iron_sheet,15,6400,960000,True,"generated for hackathon starter kit, not a real portfolio",UG,0.0,0.0,0.0,0.0,0.0,0.0,0.0,0.0,0.0,0.0,0.0,0.0
NZA-0432,0.13921,33.85235,informal_iron_sheet,22,9900,2180000,True,"generated for hackathon starter kit, not a real portfolio",LAKE,0.02,0.05,0.13,0.25,0.35,0.45,0.005,0.012,0.032,0.062,0.088,0.112
NZA-0433,0.741471,34.512865,semi_permanent,28,8100,2270000,True,"generated for hackathon starter kit, not a real portfolio",KE,0.0,0.0,0.0,0.0,0.0,0.0,0.0,0.0,0.0,0.0,0.0,0.0
NZA-0434,0.86609,33.79795,semi_permanent,61,11600,7075000,True,"generated for hackathon starter kit, not a real portfolio",UG,0.0,0.19,0.41,0.56,0.72,0.93,0.0,0.048,0.102,0.14,0.18,0.232
NZA-0435,0.316628,35.329571,semi_permanent,33,11600,3830000,True,"generated for hackathon starter kit, not a real portfolio",KE,0.0,0.0,0.0,0.0,0.0,0.0,0.0,0.0,0.0,0.0,0.0,0.0
NZA-0436,0.343231,35.12082,semi_permanent,26,12000,3120000,True,"generated for hackathon starter kit, not a real portfolio",KE,0.0,0.0,0.0,0.0,0.0,0.0,0.0,0.0,0.0,0.0,0.0,0.0
NZA-0437,1.067907,34.033015,informal_iron_sheet,21,9800,2060000,True,"generated for hackathon starter kit, not a real portfolio",UG,0.0,0.0,0.0,0.0,0.0,0.0,0.0,0.0,0.0,0.0,0.0,0.0
NZA-0438,0.072169,34.488333,informal_iron_sheet,14,7900,1105000,True,"generated for hackathon starter kit, not a real portfolio",KE,0.0,0.0,0.0,0.0,0.0,0.0,0.0,0.0,0.0,0.0,0.0,0.0
NZA-0439,1.140787,35.278208,permanent_masonry,166,43300,71880000,True,"generated for hackathon starter kit, not a real portfolio",KE,0.0,0.0,0.0,0.0,0.0,0.0,0.0,0.0,0.0,0.0,0.0,0.0
NZA-0440,0.166063,33.736171,informal_iron_sheet,13,8600,1120000,True,"generated for hackathon starter kit, not a real portfolio",LAKE,0.44,0.49,0.55,0.59,0.63,0.68,0.11,0.122,0.138,0.148,0.158,0.17
NZA-0441,0.782204,34.975995,informal_iron_sheet,15,6800,1020000,True,"generated for hackathon starter kit, not a real portfolio",KE,0.0,0.0,0.0,0.0,0.0,0.0,0.0,0.0,0.0,0.0,0.0,0.0
NZA-0442,0.24136,34.408653,informal_iron_sheet,11,5300,585000,True,"generated for hackathon starter kit, not a real portfolio",KE,0.0,0.0,0.0,0.0,0.0,0.0,0.0,0.0,0.0,0.0,0.0,0.0
NZA-0443,1.241818,33.924614,semi_permanent,41,13300,5455000,True,"generated for hackathon starter kit, not a real portfolio",UG,0.0,0.0,0.0,0.0,0.0,0.0,0.0,0.0,0.0,0.0,0.0,0.0
NZA-0444,-0.033222,35.197986,permanent_masonry,138,40800,56305000,True,"generated for hackathon starter kit, not a real portfolio",KE,0.0,0.0,0.0,0.0,0.0,0.0,0.0,0.0,0.0,0.0,0.0,0.0
NZA-0445,0.738215,34.834251,informal_iron_sheet,12,9700,1165000,True,"generated for hackathon starter kit, not a real portfolio",KE,0.0,0.0,0.0,0.0,0.0,0.0,0.0,0.0,0.0,0.0,0.0,0.0
NZA-0446,0.360261,34.386075,permanent_masonry,110,41000,45100000,True,"generated for hackathon starter kit, not a real portfolio",KE,0.0,0.0,0.0,0.0,0.0,0.0,0.0,0.0,0.0,0.0,0.0,0.0
NZA-0447,-0.010498,34.050865,semi_permanent,38,8100,3080000,True,"generated for hackathon starter kit, not a real portfolio",KE,0.0,0.0,0.0,0.0,0.0,0.0,0.0,0.0,0.0,0.0,0.0,0.0
NZA-0448,0.634956,35.208905,informal_iron_sheet,12,8400,1010000,True,"generated for hackathon starter kit, not a real portfolio",KE,0.0,0.0,0.0,0.0,0.0,0.0,0.0,0.0,0.0,0.0,0.0,0.0
NZA-0449,1.138511,33.956467,informal_iron_sheet,16,8200,1310000,True,"generated for hackathon starter kit, not a real portfolio",UG,0.0,0.0,0.0,0.0,0.0,0.0,0.0,0.0,0.0,0.0,0.0,0.0
NZA-0450,0.025876,34.752617,semi_permanent,34,15800,5370000,True,"generated for hackathon starter kit, not a real portfolio",KE,0.0,0.0,0.0,0.0,0.0,0.0,0.0,0.0,0.0,0.0,0.0,0.0
NZA-0451,-0.239392,34.774853,semi_permanent,40,10900,4360000,True,"generated for hackathon starter kit, not a real portfolio",LAKE,0.55,0.65,0.77,0.85,0.92,1.01,0.138,0.162,0.192,0.212,0.23,0.252
NZA-0452,0.986012,34.255889,permanent_masonry,76,36300,27590000,True,"generated for hackathon starter kit, not a real portfolio",UG,0.0,0.0,0.0,0.0,0.0,0.0,0.0,0.0,0.0,0.0,0.0,0.0
NZA-0453,0.381342,35.343772,informal_iron_sheet,15,7300,1095000,True,"generated for hackathon starter kit, not a real portfolio",KE,0.0,0.0,0.0,0.0,0.0,0.0,0.0,0.0,0.0,0.0,0.0,0.0
NZA-0454,0.987785,35.351112,semi_permanent,52,15300,7955000,True,"generated for hackathon starter kit, not a real portfolio",KE,0.0,0.0,0.0,0.0,0.0,0.0,0.0,0.0,0.0,0.0,0.0,0.0
NZA-0455,0.384702,35.084554,semi_permanent,44,12100,5325000,True,"generated for hackathon starter kit, not a real portfolio",KE,0.0,0.0,0.0,0.0,0.0,0.0,0.0,0.0,0.0,0.0,0.0,0.0
NZA-0456,-0.273825,34.047396,semi_permanent,41,12500,5125000,True,"generated for hackathon starter kit, not a real portfolio",LAKE,0.71,0.77,0.84,0.89,0.94,1.0,0.178,0.192,0.21,0.222,0.235,0.25
NZA-0457,0.867148,35.390504,informal_iron_sheet,14,9700,1360000,True,"generated for hackathon starter kit, not a real portfolio",KE,0.0,0.0,0.0,0.0,0.0,0.0,0.0,0.0,0.0,0.0,0.0,0.0
NZA-0458,1.153097,35.246726,informal_iron_sheet,14,6200,870000,True,"generated for hackathon starter kit, not a real portfolio",KE,0.0,0.0,0.0,0.0,0.0,0.0,0.0,0.0,0.0,0.0,0.0,0.0
NZA-0459,0.889218,35.3286,permanent_masonry,74,51700,38260000,True,"generated for hackathon starter kit, not a real portfolio",KE,0.0,0.0,0.0,0.0,0.0,0.0,0.0,0.0,0.0,0.0,0.0,0.0
NZA-0460,0.957244,35.19988,informal_iron_sheet,16,8000,1280000,True,"generated for hackathon starter kit, not a real portfolio",KE,0.0,0.0,0.0,0.0,0.0,0.0,0.0,0.0,0.0,0.0,0.0,0.0
NZA-0461,1.072874,34.637427,permanent_masonry,66,56400,37225000,True,"generated for hackathon starter kit, not a real portfolio",KE,0.0,0.0,0.0,0.0,0.0,0.0,0.0,0.0,0.0,0.0,0.0,0.0
NZA-0462,1.100764,33.876284,semi_permanent,39,13400,5225000,True,"generated for hackathon starter kit, not a real portfolio",UG,0.0,0.0,0.0,0.0,0.0,0.0,0.0,0.0,0.0,0.0,0.0,0.0
NZA-0463,0.654545,34.374969,informal_iron_sheet,14,7100,995000,True,"generated for hackathon starter kit, not a real portfolio",KE,0.0,0.0,0.0,0.0,0.0,0.0,0.0,0.0,0.0,0.0,0.0,0.0
NZA-0464,0.146798,34.443591,informal_iron_sheet,12,7800,935000,True,"generated for hackathon starter kit, not a real portfolio",KE,0.0,0.0,0.0,0.0,0.0,0.0,0.0,0.0,0.0,0.0,0.0,0.0
NZA-0465,0.907775,34.652904,permanent_masonry,53,55800,29575000,True,"generated for hackathon starter kit, not a real portfolio",KE,0.0,0.0,0.0,0.0,0.0,0.0,0.0,0.0,0.0,0.0,0.0,0.0
NZA-0466,1.181054,35.009734,informal_iron_sheet,13,7300,950000,True,"generated for hackathon starter kit, not a real portfolio",KE,0.0,0.0,0.0,0.0,0.0,0.0,0.0,0.0,0.0,0.0,0.0,0.0
NZA-0467,0.337107,34.999095,semi_permanent,38,14500,5510000,True,"generated for hackathon starter kit, not a real portfolio",KE,0.0,0.0,0.0,0.0,0.0,0.0,0.0,0.0,0.0,0.0,0.0,0.0
NZA-0468,1.242735,34.291571,semi_permanent,66,12300,8120000,True,"generated for hackathon starter kit, not a real portfolio",UG,0.0,0.0,0.0,0.0,0.0,0.0,0.0,0.0,0.0,0.0,0.0,0.0
NZA-0469,0.536934,35.013341,concrete_rcc,566,77400,438085000,True,"generated for hackathon starter kit, not a real portfolio",KE,0.0,0.0,0.0,0.0,0.0,0.0,0.0,0.0,0.0,0.0,0.0,0.0
NZA-0470,-0.082401,34.039054,permanent_masonry,226,60300,136280000,True,"generated for hackathon starter kit, not a real portfolio",LAKE,0.0,0.0,0.0,0.0,0.0,0.0,0.0,0.0,0.0,0.0,0.0,0.0
NZA-0471,0.735218,34.460097,concrete_rcc,704,56800,399870000,True,"generated for hackathon starter kit, not a real portfolio",KE,0.0,0.0,0.0,0.0,0.0,0.0,0.0,0.0,0.0,0.0,0.0,0.0
NZA-0472,0.594956,35.099327,informal_iron_sheet,14,5900,825000,True,"generated for hackathon starter kit, not a real portfolio",KE,0.0,0.0,0.0,0.0,0.0,0.0,0.0,0.0,0.0,0.0,0.0,0.0
NZA-0473,0.770908,34.817441,semi_permanent,24,14500,3480000,True,"generated for hackathon starter kit, not a real portfolio",KE,0.0,0.0,0.0,0.0,0.0,0.0,0.0,0.0,0.0,0.0,0.0,0.0
NZA-0474,0.909586,33.756294,semi_permanent,24,12300,2950000,True,"generated for hackathon starter kit, not a real portfolio",UG,0.0,0.0,0.0,0.0,0.0,0.0,0.0,0.0,0.0,0.0,0.0,0.0
NZA-0475,1.132647,35.260655,permanent_masonry,110,51100,56210000,True,"generated for hackathon starter kit, not a real portfolio",KE,0.0,0.0,0.0,0.0,0.0,0.0,0.0,0.0,0.0,0.0,0.0,0.0
NZA-0476,0.140861,35.060387,concrete_rcc,576,55900,321985000,True,"generated for hackathon starter kit, not a real portfolio",KE,0.0,0.0,0.0,0.0,0.0,0.0,0.0,0.0,0.0,0.0,0.0,0.0
NZA-0477,-0.268106,34.530761,semi_permanent,34,15700,5340000,True,"generated for hackathon starter kit, not a real portfolio",LAKE,0.63,0.79,1.01,1.11,1.18,1.25,0.158,0.198,0.252,0.278,0.295,0.312
NZA-0478,-0.157211,34.444361,informal_iron_sheet,13,9300,1210000,True,"generated for hackathon starter kit, not a real portfolio",KE,0.0,0.0,0.0,0.0,0.0,0.0,0.0,0.0,0.0,0.0,0.0,0.0
NZA-0479,-0.173352,34.922677,permanent_masonry,140,58900,82460000,True,"generated for hackathon starter kit, not a real portfolio",KE,0.0,0.0,0.0,0.0,0.0,0.0,0.0,0.0,0.0,0.0,0.0,0.0
NZA-0480,0.651788,33.788847,semi_permanent,34,14300,4860000,True,"generated for hackathon starter kit, not a real portfolio",UG,0.0,0.0,0.0,0.0,0.0,0.0,0.0,0.0,0.0,0.0,0.0,0.0
NZA-0481,0.29228,34.356186,semi_permanent,59,10800,6370000,True,"generated for hackathon starter kit, not a real portfolio",KE,0.0,0.0,0.0,0.0,0.0,0.0,0.0,0.0,0.0,0.0,0.0,0.0
NZA-0482,0.130915,34.351599,semi_permanent,43,15100,6495000,True,"generated for hackathon starter kit, not a real portfolio",KE,0.0,0.0,0.0,0.0,0.0,0.0,0.0,0.0,0.0,0.0,0.0,0.0
NZA-0483,0.491714,35.224141,semi_permanent,51,9600,4895000,True,"generated for hackathon starter kit, not a real portfolio",KE,0.0,0.0,0.0,0.0,0.0,0.0,0.0,0.0,0.0,0.0,0.0,0.0
NZA-0484,0.419117,34.11669,semi_permanent,52,8500,4420000,True,"generated for hackathon starter kit, not a real portfolio",KE,0.0,0.0,0.0,0.0,0.0,0.0,0.0,0.0,0.0,0.0,0.0,0.0
NZA-0485,0.14098,33.90515,concrete_rcc,330,65000,214500000,True,"generated for hackathon starter kit, not a real portfolio",LAKE,1.25,1.29,1.34,1.37,1.41,1.46,0.312,0.322,0.335,0.342,0.352,0.365
NZA-0486,-0.279435,34.688574,informal_iron_sheet,8,9700,775000,True,"generated for hackathon starter kit, not a real portfolio",LAKE,0.12,0.17,0.23,0.29,0.35,0.42,0.03,0.042,0.058,0.072,0.088,0.105
NZA-0487,0.32714,34.295446,semi_permanent,40,15600,6240000,True,"generated for hackathon starter kit, not a real portfolio",KE,0.0,0.0,0.0,0.0,0.0,0.0,0.0,0.0,0.0,0.0,0.0,0.0
NZA-0488,1.281058,33.899735,permanent_masonry,96,44200,42430000,True,"generated for hackathon starter kit, not a real portfolio",UG,0.0,0.0,0.0,0.0,0.0,0.0,0.0,0.0,0.0,0.0,0.0,0.0
NZA-0489,-0.252949,34.675029,permanent_masonry,96,43600,41855000,True,"generated for hackathon starter kit, not a real portfolio",LAKE,0.04,0.07,0.11,0.18,0.24,0.3,0.01,0.018,0.028,0.045,0.06,0.075
NZA-0490,0.891063,34.590685,informal_iron_sheet,12,7600,910000,True,"generated for hackathon starter kit, not a real portfolio",KE,0.0,0.0,0.0,0.0,0.0,0.0,0.0,0.0,0.0,0.0,0.0,0.0
NZA-0491,0.427999,34.721662,semi_permanent,26,14500,3770000,True,"generated for hackathon starter kit, not a real portfolio",KE,0.0,0.0,0.0,0.0,0.0,0.0,0.0,0.0,0.0,0.0,0.0,0.0
NZA-0492,0.227071,34.89631,informal_iron_sheet,14,7300,1020000,True,"generated for hackathon starter kit, not a real portfolio",KE,0.0,0.0,0.0,0.0,0.0,0.0,0.0,0.0,0.0,0.0,0.0,0.0
NZA-0493,1.242441,34.867189,informal_iron_sheet,12,5100,610000,True,"generated for hackathon starter kit, not a real portfolio",KE,0.0,0.0,0.0,0.0,0.0,0.0,0.0,0.0,0.0,0.0,0.0,0.0
NZA-0494,1.119788,35.14177,informal_iron_sheet,15,9200,1380000,True,"generated for hackathon starter kit, not a real portfolio",KE,0.0,0.0,0.0,0.0,0.0,0.0,0.0,0.0,0.0,0.0,0.0,0.0
NZA-0495,0.688268,34.158344,permanent_masonry,121,45000,54450000,True,"generated for hackathon starter kit, not a real portfolio",UG,0.0,0.0,0.0,0.0,0.0,0.0,0.0,0.0,0.0,0.0,0.0,0.0
NZA-0496,0.872427,33.962715,concrete_rcc,270,72600,196020000,True,"generated for hackathon starter kit, not a real portfolio",UG,0.0,0.0,0.0,0.0,0.0,0.0,0.0,0.0,0.0,0.0,0.0,0.0
NZA-0497,0.394684,34.492669,permanent_masonry,55,39200,21560000,True,"generated for hackathon starter kit, not a real portfolio",KE,0.0,0.0,0.0,0.0,0.0,0.0,0.0,0.0,0.0,0.0,0.0,0.0
NZA-0498,1.137023,34.069527,permanent_masonry,45,44700,20115000,True,"generated for hackathon starter kit, not a real portfolio",UG,0.0,0.0,0.0,0.0,0.0,0.0,0.0,0.0,0.0,0.0,0.0,0.0
NZA-0499,0.198281,34.118395,permanent_masonry,145,40200,58290000,True,"generated for hackathon starter kit, not a real portfolio",KE,0.0,0.0,0.0,0.0,0.0,0.0,0.0,0.0,0.0,0.0,0.0,0.0
